cycle,avg_payoff
0,1.99
1,1.92
2,1.93
3,2.00
4,1.97
5,1.91
6,1.90
7,1.91
8,1.91
9,1.95
10,1.88
11,1.85
12,1.84
13,1.74
14,1.77
15,1.78
16,1.78
17,1.78
18,1.73
19,1.70
20,1.68
21,1.68
22,1.65
23,1.67
24,1.70
25,1.72
26,1.72
27,1.67
28,1.63
29,1.64
30,1.67
31,1.63
32,1.64
33,1.63
34,1.66
35,1.65
36,1.68
37,1.63
38,1.60
39,1.59
40,1.62
41,1.57
42,1.56
43,1.62
44,1.61
45,1.59
46,1.59
47,1.55
48,1.55
49,1.51
50,1.60
51,1.53
52,1.47
53,1.47
54,1.42
55,1.43
56,1.42
57,1.41
58,1.42
59,1.40
60,1.39
61,1.39
62,1.39
63,1.39
64,1.37
65,1.38
66,1.37
67,1.36
68,1.36
69,1.37
70,1.37
71,1.35
72,1.34
73,1.34
74,1.36
75,1.33
76,1.34
77,1.34
78,1.34
79,1.34
80,1.33
81,1.33
82,1.34
83,1.33
84,1.34
85,1.33
86,1.33
87,1.33
88,1.33
89,1.33
90,1.34
91,1.32
92,1.34
93,1.33
94,1.33
95,1.34
96,1.33
97,1.32
98,1.32
99,1.31
100,1.33
101,1.34
102,1.32
103,1.32
104,1.33
105,1.32
106,1.33
107,1.34
108,1.32
109,1.33
110,1.33
111,1.33
112,1.33
113,1.33
114,1.33
115,1.31
116,1.31
117,1.30
118,1.30
119,1.31
120,1.30
121,1.30
122,1.30
123,1.30
124,1.30
125,1.30
126,1.30
127,1.30
128,1.29
129,1.29
130,1.30
131,1.29
132,1.30
133,1.29
134,1.29
135,1.28
136,1.29
137,1.29
138,1.30
139,1.30
140,1.29
141,1.29
142,1.29
143,1.30
144,1.31
145,1.31
146,1.30
147,1.32
148,1.31
149,1.32
150,1.31
151,1.31
152,1.31
153,1.33
154,1.32
155,1.32
156,1.33
157,1.34
158,1.32
159,1.33
160,1.31
161,1.32
162,1.33
163,1.33
164,1.33
165,1.33
166,1.33
167,1.33
168,1.33
169,1.32
170,1.32
171,1.31
172,1.31
173,1.30
174,1.30
175,1.31
176,1.31
177,1.30
178,1.30
179,1.30
180,1.30
181,1.28
182,1.29
183,1.28
184,1.28
185,1.28
186,1.26
187,1.27
188,1.26
189,1.26
190,1.25
191,1.24
192,1.25
193,1.25
194,1.25
195,1.26
196,1.26
197,1.25
198,1.26
199,1.25
200,1.26
201,1.26
202,1.27
203,1.26
204,1.26
205,1.25
206,1.24
207,1.23
208,1.23
209,1.24
210,1.23
211,1.23
212,1.23
213,1.23
214,1.22
215,1.21
216,1.22
217,1.21
218,1.23
219,1.23
220,1.22
221,1.23
222,1.23
223,1.21
224,1.21
225,1.21
226,1.20
227,1.20
228,1.19
229,1.20
230,1.20
231,1.22
232,1.20
233,1.22
234,1.21
235,1.22
236,1.21
237,1.21
238,1.20
239,1.19
240,1.18
241,1.17
242,1.16
243,1.16
244,1.16
245,1.14
246,1.13
247,1.13
248,1.13
249,1.12
250,1.09
251,1.08
252,1.09
253,1.08
254,1.08
255,1.08
256,1.10
257,1.09
258,1.09
259,1.09
260,1.08
261,1.08
262,1.08
263,1.08
264,1.09
265,1.09
266,1.09
267,1.08
268,1.08
269,1.07
270,1.07
271,1.06
272,1.05
273,1.07
274,1.06
275,1.06
276,1.07
277,1.05
278,1.03
279,1.04
280,1.02
281,1.02
282,1.02
283,1.01
284,1.01
285,1.01
286,1.01
287,1.01
288,1.00
289,1.00
290,1.00
291,1.00
292,1.00
293,1.00
294,1.00
295,1.00
296,1.00
297,1.00
298,1.00
299,1.00
300,1.00
301,1.00
302,1.00
303,1.00
304,1.00
305,1.00
306,1.00
307,1.00
308,1.00
309,1.00
310,1.01
311,1.01
312,1.01
313,1.01
314,1.01
315,1.01
316,1.00
317,1.00
318,1.00
319,1.00
320,1.00
321,1.00
322,1.00
323,1.00
324,1.00
325,1.00
326,1.01
327,1.01
328,1.01
329,1.00
330,1.00
331,1.01
332,1.00
333,1.00
334,1.00
335,1.00
336,1.00
337,1.00
338,1.00
339,1.00
340,1.00
341,1.00
342,1.00
343,1.00
344,1.00
345,1.00
346,1.00
347,1.00
348,1.00
349,1.00
350,1.01
351,1.01
352,1.00
353,1.00
354,1.00
355,1.00
356,1.00
357,1.00
358,1.00
359,1.00
360,1.00
361,1.00
362,1.00
363,1.00
364,1.01
365,1.00
366,1.00
367,1.00
368,1.00
369,1.00
370,1.00
371,1.00
372,1.00
373,1.00
374,1.00
375,1.00
376,1.00
377,1.00
378,1.00
379,1.00
380,1.00
381,1.01
382,1.00
383,1.01
384,1.00
385,1.01
386,1.00
387,1.01
388,1.01
389,1.00
390,1.01
391,1.00
392,1.01
393,1.02
394,1.02
395,1.02
396,1.02
397,1.02
398,1.02
399,1.01
400,1.01
401,1.02
402,1.02
403,1.01
404,1.02
405,1.02
406,1.01
407,1.01
408,1.01
409,1.01
410,1.01
411,1.01
412,1.01
413,1.01
414,1.01
415,1.00
416,1.00
417,1.00
418,1.00
419,1.00
420,1.01
421,1.01
422,1.01
423,1.01
424,1.02
425,1.02
426,1.02
427,1.02
428,1.02
429,1.01
430,1.02
431,1.02
432,1.01
433,1.01
434,1.01
435,1.02
436,1.02
437,1.01
438,1.01
439,1.02
440,1.01
441,1.01
442,1.01
443,1.01
444,1.01
445,1.02
446,1.02
447,1.01
448,1.02
449,1.02
450,1.02
451,1.03
452,1.03
453,1.03
454,1.02
455,1.03
456,1.02
457,1.02
458,1.02
459,1.02
460,1.02
461,1.02
462,1.02
463,1.01
464,1.01
465,1.00
466,1.00
467,1.01
468,1.00
469,1.00
470,1.00
471,1.00
472,1.00
473,1.00
474,1.01
475,1.01
476,1.01
477,1.01
478,1.01
479,1.02
480,1.02
481,1.02
482,1.02
483,1.02
484,1.01
485,1.01
486,1.01
487,1.01
488,1.01
489,1.01
490,1.00
491,1.00
492,1.01
493,1.01
494,1.01
495,1.01
496,1.01
497,1.02
498,1.01
499,1.01
500,1.01
501,1.01
502,1.01
503,1.01
504,1.00
505,1.00
506,1.00
507,1.00
508,1.00
509,1.00
510,1.00
511,1.00
512,1.00
513,1.00
514,1.00
515,1.00
516,1.00
517,1.01
518,1.00
519,1.00
520,1.00
521,1.00
522,1.00
523,1.00
524,1.00
525,1.01
526,1.01
527,1.00
528,1.00
529,1.00
530,1.00
531,1.00
532,1.00
533,1.00
534,1.01
535,1.01
536,1.01
537,1.01
538,1.02
539,1.01
540,1.01
541,1.01
542,1.01
543,1.01
544,1.01
545,1.01
546,1.01
547,1.01
548,1.01
549,1.00
550,1.00
551,1.00
552,1.00
553,1.00
554,1.00
555,1.00
556,1.00
557,1.01
558,1.01
559,1.01
560,1.01
561,1.01
562,1.01
563,1.00
564,1.01
565,1.01
566,1.01
567,1.01
568,1.01
569,1.00
570,1.00
571,1.01
572,1.01
573,1.01
574,1.01
575,1.01
576,1.01
577,1.00
578,1.00
579,1.00
580,1.00
581,1.00
582,1.00
583,1.00
584,1.00
585,1.00
586,1.00
587,1.00
588,1.01
589,1.01
590,1.00
591,1.00
592,1.00
593,1.00
594,1.00
595,1.00
596,1.01
597,1.01
598,1.01
599,1.00
600,1.00
601,1.00
602,1.00
603,1.00
604,1.00
605,1.00
606,1.00
607,1.01
608,1.00
609,1.00
610,1.00
611,1.00
612,1.00
613,1.00
614,1.00
615,1.00
616,1.01
617,1.01
618,1.01
619,1.01
620,1.01
621,1.01
622,1.01
623,1.01
624,1.01
625,1.01
626,1.02
627,1.02
628,1.02
629,1.02
630,1.01
631,1.01
632,1.02
633,1.03
634,1.02
635,1.02
636,1.02
637,1.02
638,1.02
639,1.02
640,1.03
641,1.04
642,1.05
643,1.05
644,1.05
645,1.03
646,1.02
647,1.03
648,1.03
649,1.04
650,1.03
651,1.04
652,1.03
653,1.03
654,1.02
655,1.02
656,1.02
657,1.01
658,1.01
659,1.01
660,1.01
661,1.01
662,1.01
663,1.01
664,1.01
665,1.01
666,1.01
667,1.01
668,1.01
669,1.01
670,1.02
671,1.02
672,1.02
673,1.02
674,1.02
675,1.03
676,1.03
677,1.03
678,1.02
679,1.02
680,1.02
681,1.02
682,1.03
683,1.03
684,1.04
685,1.03
686,1.03
687,1.02
688,1.02
689,1.02
690,1.02
691,1.03
692,1.03
693,1.03
694,1.03
695,1.03
696,1.03
697,1.03
698,1.02
699,1.02
700,1.02
701,1.01
702,1.01
703,1.02
704,1.02
705,1.02
706,1.02
707,1.02
708,1.02
709,1.01
710,1.01
711,1.01
712,1.01
713,1.01
714,1.01
715,1.01
716,1.01
717,1.02
718,1.01
719,1.02
720,1.02
721,1.02
722,1.02
723,1.03
724,1.03
725,1.02
726,1.02
727,1.01
728,1.01
729,1.01
730,1.01
731,1.01
732,1.01
733,1.00
734,1.01
735,1.01
736,1.01
737,1.01
738,1.01
739,1.01
740,1.01
741,1.01
742,1.00
743,1.01
744,1.01
745,1.01
746,1.00
747,1.01
748,1.00
749,1.00
750,1.00
751,1.00
752,1.00
753,1.00
754,1.00
755,1.00
756,1.00
757,1.00
758,1.00
759,1.00
760,1.01
761,1.01
762,1.01
763,1.01
764,1.01
765,1.01
766,1.01
767,1.01
768,1.00
769,1.01
770,1.01
771,1.01
772,1.01
773,1.01
774,1.01
775,1.00
776,1.01
777,1.01
778,1.00
779,1.01
780,1.02
781,1.02
782,1.01
783,1.00
784,1.00
785,1.00
786,1.00
787,1.00
788,1.00
789,1.00
790,1.00
791,1.01
792,1.00
793,1.00
794,1.00
795,1.00
796,1.00
797,1.00
798,1.00
799,1.00
800,1.00
801,1.00
802,1.01
803,1.02
804,1.02
805,1.02
806,1.02
807,1.02
808,1.02
809,1.01
810,1.02
811,1.02
812,1.02
813,1.02
814,1.02
815,1.02
816,1.02
817,1.02
818,1.02
819,1.02
820,1.02
821,1.02
822,1.02
823,1.02
824,1.02
825,1.03
826,1.02
827,1.02
828,1.03
829,1.05
830,1.06
831,1.06
832,1.06
833,1.06
834,1.06
835,1.05
836,1.05
837,1.05
838,1.06
839,1.07
840,1.06
841,1.07
842,1.05
843,1.05
844,1.05
845,1.05
846,1.06
847,1.06
848,1.05
849,1.06
850,1.06
851,1.07
852,1.06
853,1.07
854,1.07
855,1.08
856,1.07
857,1.07
858,1.09
859,1.06
860,1.06
861,1.06
862,1.06
863,1.06
864,1.07
865,1.06
866,1.07
867,1.06
868,1.06
869,1.05
870,1.05
871,1.06
872,1.08
873,1.07
874,1.07
875,1.08
876,1.07
877,1.07
878,1.07
879,1.08
880,1.06
881,1.06
882,1.06
883,1.07
884,1.07
885,1.08
886,1.07
887,1.07
888,1.07
889,1.07
890,1.07
891,1.07
892,1.06
893,1.05
894,1.04
895,1.05
896,1.04
897,1.03
898,1.03
899,1.04
900,1.04
901,1.05
902,1.05
903,1.07
904,1.07
905,1.06
906,1.06
907,1.08
908,1.07
909,1.07
910,1.07
911,1.07
912,1.06
913,1.08
914,1.06
915,1.06
916,1.06
917,1.05
918,1.06
919,1.05
920,1.05
921,1.04
922,1.04
923,1.05
924,1.04
925,1.03
926,1.03
927,1.03
928,1.04
929,1.03
930,1.03
931,1.03
932,1.02
933,1.02
934,1.02
935,1.02
936,1.02
937,1.03
938,1.02
939,1.01
940,1.01
941,1.01
942,1.01
943,1.01
944,1.01
945,1.03
946,1.02
947,1.02
948,1.01
949,1.01
950,1.01
951,1.00
952,1.00
953,1.00
954,1.00
955,1.00
956,1.00
957,1.00
958,1.01
959,1.01
960,1.01
961,1.00
962,1.00
963,1.00
964,1.00
965,1.00
966,1.00
967,1.00
968,1.00
969,1.01
970,1.01
971,1.01
972,1.01
973,1.01
974,1.01
975,1.01
976,1.02
977,1.02
978,1.02
979,1.03
980,1.03
981,1.02
982,1.01
983,1.01
984,1.02
985,1.02
986,1.02
987,1.01
988,1.02
989,1.01
990,1.01
991,1.01
992,1.01
993,1.02
994,1.02
995,1.02
996,1.02
997,1.01
998,1.01
999,1.02
1000,1.01
1001,1.02
1002,1.01
1003,1.01
1004,1.01
1005,1.02
1006,1.01
1007,1.01
1008,1.01
1009,1.01
1010,1.01
1011,1.02
1012,1.02
1013,1.03
1014,1.03
1015,1.03
1016,1.03
1017,1.02
1018,1.02
1019,1.02
1020,1.01
1021,1.01
1022,1.01
1023,1.00
1024,1.00
1025,1.01
1026,1.01
1027,1.01
1028,1.01
1029,1.01
1030,1.01
1031,1.01
1032,1.01
1033,1.01
1034,1.01
1035,1.01
1036,1.01
1037,1.01
1038,1.01
1039,1.01
1040,1.01
1041,1.01
1042,1.01
1043,1.01
1044,1.00
1045,1.00
1046,1.01
1047,1.01
1048,1.01
1049,1.01
1050,1.01
1051,1.01
1052,1.02
1053,1.01
1054,1.01
1055,1.02
1056,1.02
1057,1.02
1058,1.02
1059,1.03
1060,1.02
1061,1.04
1062,1.03
1063,1.02
1064,1.02
1065,1.02
1066,1.03
1067,1.03
1068,1.03
1069,1.03
1070,1.03
1071,1.04
1072,1.04
1073,1.03
1074,1.03
1075,1.03
1076,1.02
1077,1.02
1078,1.01
1079,1.01
1080,1.01
1081,1.01
1082,1.02
1083,1.01
1084,1.01
1085,1.01
1086,1.00
1087,1.01
1088,1.01
1089,1.00
1090,1.01
1091,1.00
1092,1.00
1093,1.01
1094,1.00
1095,1.01
1096,1.01
1097,1.00
1098,1.01
1099,1.01
1100,1.01
1101,1.01
1102,1.02
1103,1.01
1104,1.01
1105,1.01
1106,1.01
1107,1.01
1108,1.02
1109,1.02
1110,1.02
1111,1.02
1112,1.03
1113,1.03
1114,1.03
1115,1.02
1116,1.02
1117,1.02
1118,1.02
1119,1.01
1120,1.01
1121,1.01
1122,1.01
1123,1.01
1124,1.01
1125,1.00
1126,1.01
1127,1.01
1128,1.00
1129,1.01
1130,1.00
1131,1.01
1132,1.00
1133,1.00
1134,1.00
1135,1.00
1136,1.00
1137,1.00
1138,1.00
1139,1.00
1140,1.00
1141,1.00
1142,1.00
1143,1.00
1144,1.00
1145,1.00
1146,1.00
1147,1.00
1148,1.00
1149,1.00
1150,1.01
1151,1.01
1152,1.02
1153,1.01
1154,1.01
1155,1.01
1156,1.01
1157,1.02
1158,1.02
1159,1.01
1160,1.02
1161,1.01
1162,1.01
1163,1.02
1164,1.02
1165,1.02
1166,1.02
1167,1.02
1168,1.01
1169,1.02
1170,1.02
1171,1.02
1172,1.02
1173,1.02
1174,1.02
1175,1.02
1176,1.02
1177,1.01
1178,1.01
1179,1.01
1180,1.01
1181,1.01
1182,1.01
1183,1.02
1184,1.01
1185,1.01
1186,1.01
1187,1.01
1188,1.02
1189,1.02
1190,1.01
1191,1.02
1192,1.02
1193,1.01
1194,1.01
1195,1.01
1196,1.01
1197,1.01
1198,1.01
1199,1.01
1200,1.02
1201,1.01
1202,1.02
1203,1.04
1204,1.02
1205,1.03
1206,1.02
1207,1.02
1208,1.02
1209,1.02
1210,1.02
1211,1.01
1212,1.01
1213,1.01
1214,1.00
1215,1.00
1216,1.00
1217,1.01
1218,1.01
1219,1.01
1220,1.01
1221,1.02
1222,1.03
1223,1.03
1224,1.02
1225,1.02
1226,1.02
1227,1.02
1228,1.02
1229,1.01
1230,1.00
1231,1.01
1232,1.01
1233,1.02
1234,1.02
1235,1.01
1236,1.01
1237,1.01
1238,1.01
1239,1.01
1240,1.01
1241,1.02
1242,1.01
1243,1.01
1244,1.02
1245,1.01
1246,1.01
1247,1.01
1248,1.01
1249,1.01
1250,1.01
1251,1.01
1252,1.01
1253,1.01
1254,1.00
1255,1.00
1256,1.00
1257,1.00
1258,1.00
1259,1.00
1260,1.00
1261,1.00
1262,1.00
1263,1.01
1264,1.00
1265,1.01
1266,1.00
1267,1.00
1268,1.01
1269,1.00
1270,1.01
1271,1.01
1272,1.01
1273,1.01
1274,1.01
1275,1.00
1276,1.00
1277,1.00
1278,1.01
1279,1.00
1280,1.01
1281,1.00
1282,1.00
1283,1.00
1284,1.00
1285,1.00
1286,1.01
1287,1.01
1288,1.01
1289,1.01
1290,1.01
1291,1.01
1292,1.00
1293,1.00
1294,1.00
1295,1.00
1296,1.01
1297,1.01
1298,1.00
1299,1.00
1300,1.00
1301,1.01
1302,1.01
1303,1.02
1304,1.02
1305,1.02
1306,1.01
1307,1.01
1308,1.02
1309,1.02
1310,1.02
1311,1.03
1312,1.04
1313,1.04
1314,1.05
1315,1.04
1316,1.04
1317,1.04
1318,1.04
1319,1.03
1320,1.03
1321,1.03
1322,1.04
1323,1.04
1324,1.04
1325,1.03
1326,1.04
1327,1.03
1328,1.03
1329,1.04
1330,1.05
1331,1.04
1332,1.05
1333,1.03
1334,1.04
1335,1.05
1336,1.06
1337,1.06
1338,1.06
1339,1.08
1340,1.08
1341,1.08
1342,1.07
1343,1.05
1344,1.08
1345,1.05
1346,1.05
1347,1.04
1348,1.05
1349,1.03
1350,1.03
1351,1.04
1352,1.04
1353,1.04
1354,1.02
1355,1.01
1356,1.02
1357,1.02
1358,1.02
1359,1.01
1360,1.01
1361,1.01
1362,1.01
1363,1.01
1364,1.02
1365,1.01
1366,1.01
1367,1.01
1368,1.02
1369,1.02
1370,1.02
1371,1.01
1372,1.01
1373,1.02
1374,1.01
1375,1.01
1376,1.01
1377,1.01
1378,1.01
1379,1.01
1380,1.01
1381,1.01
1382,1.01
1383,1.01
1384,1.01
1385,1.01
1386,1.01
1387,1.00
1388,1.00
1389,1.00
1390,1.00
1391,1.00
1392,1.00
1393,1.00
1394,1.00
1395,1.00
1396,1.01
1397,1.00
1398,1.00
1399,1.00
1400,1.00
1401,1.00
1402,1.00
1403,1.00
1404,1.00
1405,1.00
1406,1.00
1407,1.01
1408,1.01
1409,1.00
1410,1.00
1411,1.00
1412,1.00
1413,1.01
1414,1.01
1415,1.01
1416,1.01
1417,1.01
1418,1.01
1419,1.01
1420,1.02
1421,1.02
1422,1.03
1423,1.02
1424,1.01
1425,1.02
1426,1.03
1427,1.02
1428,1.02
1429,1.02
1430,1.02
1431,1.02
1432,1.02
1433,1.03
1434,1.03
1435,1.02
1436,1.01
1437,1.02
1438,1.02
1439,1.03
1440,1.03
1441,1.04
1442,1.05
1443,1.05
1444,1.06
1445,1.06
1446,1.04
1447,1.04
1448,1.04
1449,1.03
1450,1.02
1451,1.02
1452,1.03
1453,1.02
1454,1.02
1455,1.02
1456,1.03
1457,1.03
1458,1.03
1459,1.02
1460,1.02
1461,1.02
1462,1.03
1463,1.03
1464,1.04
1465,1.04
1466,1.04
1467,1.05
1468,1.05
1469,1.03
1470,1.03
1471,1.02
1472,1.01
1473,1.01
1474,1.01
1475,1.01
1476,1.01
1477,1.01
1478,1.01
1479,1.01
1480,1.01
1481,1.01
1482,1.02
1483,1.01
1484,1.01
1485,1.01
1486,1.02
1487,1.01
1488,1.01
1489,1.01
1490,1.01
1491,1.02
1492,1.01
1493,1.00
1494,1.01
1495,1.01
1496,1.00
1497,1.00
1498,1.00
1499,1.00
1500,1.00
1501,1.00
1502,1.00
1503,1.00
1504,1.00
1505,1.00
1506,1.00
1507,1.00
1508,1.00
1509,1.00
1510,1.00
1511,1.00
1512,1.00
1513,1.00
1514,1.00
1515,1.00
1516,1.00
1517,1.00
1518,1.00
1519,1.00
1520,1.00
1521,1.00
1522,1.00
1523,1.00
1524,1.00
1525,1.00
1526,1.01
1527,1.01
1528,1.01
1529,1.01
1530,1.01
1531,1.01
1532,1.01
1533,1.01
1534,1.00
1535,1.00
1536,1.01
1537,1.01
1538,1.01
1539,1.01
1540,1.01
1541,1.01
1542,1.01
1543,1.01
1544,1.01
1545,1.02
1546,1.02
1547,1.02
1548,1.03
1549,1.03
1550,1.02
1551,1.02
1552,1.01
1553,1.01
1554,1.01
1555,1.01
1556,1.01
1557,1.02
1558,1.02
1559,1.02
1560,1.02
1561,1.02
1562,1.02
1563,1.01
1564,1.01
1565,1.02
1566,1.01
1567,1.02
1568,1.02
1569,1.02
1570,1.01
1571,1.02
1572,1.02
1573,1.02
1574,1.01
1575,1.01
1576,1.01
1577,1.00
1578,1.00
1579,1.00
1580,1.00
1581,1.00
1582,1.00
1583,1.01
1584,1.00
1585,1.00
1586,1.00
1587,1.00
1588,1.00
1589,1.00
1590,1.00
1591,1.00
1592,1.00
1593,1.00
1594,1.00
1595,1.00
1596,1.00
1597,1.01
1598,1.01
1599,1.01
1600,1.01
1601,1.01
1602,1.01
1603,1.01
1604,1.01
1605,1.01
1606,1.02
1607,1.01
1608,1.00
1609,1.00
1610,1.00
1611,1.00
1612,1.00
1613,1.00
1614,1.00
1615,1.00
1616,1.00
1617,1.00
1618,1.00
1619,1.00
1620,1.00
1621,1.00
1622,1.00
1623,1.00
1624,1.00
1625,1.00
1626,1.00
1627,1.00
1628,1.00
1629,1.01
1630,1.01
1631,1.01
1632,1.01
1633,1.02
1634,1.02
1635,1.02
1636,1.01
1637,1.01
1638,1.01
1639,1.02
1640,1.02
1641,1.02
1642,1.03
1643,1.04
1644,1.04
1645,1.04
1646,1.04
1647,1.04
1648,1.04
1649,1.04
1650,1.06
1651,1.06
1652,1.07
1653,1.07
1654,1.07
1655,1.07
1656,1.06
1657,1.06
1658,1.04
1659,1.04
1660,1.05
1661,1.05
1662,1.05
1663,1.05
1664,1.04
1665,1.03
1666,1.04
1667,1.03
1668,1.03
1669,1.02
1670,1.03
1671,1.04
1672,1.03
1673,1.03
1674,1.02
1675,1.01
1676,1.01
1677,1.01
1678,1.02
1679,1.02
1680,1.01
1681,1.02
1682,1.02
1683,1.02
1684,1.02
1685,1.03
1686,1.03
1687,1.03
1688,1.02
1689,1.02
1690,1.02
1691,1.03
1692,1.01
1693,1.01
1694,1.02
1695,1.02
1696,1.02
1697,1.02
1698,1.01
1699,1.02
1700,1.02
1701,1.02
1702,1.02
1703,1.02
1704,1.02
1705,1.01
1706,1.01
1707,1.01
1708,1.02
1709,1.01
1710,1.01
1711,1.00
1712,1.00
1713,1.01
1714,1.01
1715,1.00
1716,1.01
1717,1.00
1718,1.00
1719,1.00
1720,1.00
1721,1.00
1722,1.01
1723,1.00
1724,1.00
1725,1.01
1726,1.01
1727,1.01
1728,1.02
1729,1.01
1730,1.02
1731,1.02
1732,1.01
1733,1.02
1734,1.02
1735,1.01
1736,1.01
1737,1.01
1738,1.02
1739,1.01
1740,1.02
1741,1.02
1742,1.03
1743,1.03
1744,1.02
1745,1.02
1746,1.01
1747,1.02
1748,1.02
1749,1.01
1750,1.01
1751,1.01
1752,1.01
1753,1.01
1754,1.01
1755,1.01
1756,1.01
1757,1.02
1758,1.01
1759,1.01
1760,1.00
1761,1.00
1762,1.01
1763,1.00
1764,1.00
1765,1.00
1766,1.00
1767,1.00
1768,1.00
1769,1.00
1770,1.01
1771,1.01
1772,1.00
1773,1.00
1774,1.00
1775,1.00
1776,1.00
1777,1.00
1778,1.00
1779,1.00
1780,1.00
1781,1.01
1782,1.00
1783,1.01
1784,1.01
1785,1.01
1786,1.01
1787,1.01
1788,1.01
1789,1.02
1790,1.02
1791,1.01
1792,1.02
1793,1.01
1794,1.01
1795,1.01
1796,1.01
1797,1.02
1798,1.01
1799,1.01
1800,1.01
1801,1.02
1802,1.02
1803,1.01
1804,1.01
1805,1.01
1806,1.01
1807,1.01
1808,1.01
1809,1.00
1810,1.00
1811,1.00
1812,1.00
1813,1.01
1814,1.01
1815,1.01
1816,1.01
1817,1.02
1818,1.02
1819,1.02
1820,1.02
1821,1.01
1822,1.01
1823,1.01
1824,1.01
1825,1.01
1826,1.01
1827,1.00
1828,1.00
1829,1.00
1830,1.00
1831,1.00
1832,1.00
1833,1.00
1834,1.00
1835,1.00
1836,1.00
1837,1.01
1838,1.00
1839,1.00
1840,1.00
1841,1.00
1842,1.00
1843,1.00
1844,1.00
1845,1.01
1846,1.01
1847,1.01
1848,1.01
1849,1.00
1850,1.00
1851,1.00
1852,1.00
1853,1.00
1854,1.00
1855,1.00
1856,1.01
1857,1.01
1858,1.02
1859,1.02
1860,1.01
1861,1.01
1862,1.00
1863,1.00
1864,1.00
1865,1.00
1866,1.00
1867,1.00
1868,1.00
1869,1.01
1870,1.00
1871,1.00
1872,1.00
1873,1.00
1874,1.01
1875,1.00
1876,1.00
1877,1.00
1878,1.00
1879,1.00
1880,1.00
1881,1.00
1882,1.00
1883,1.00
1884,1.00
1885,1.00
1886,1.00
1887,1.00
1888,1.00
1889,1.00
1890,1.00
1891,1.00
1892,1.00
1893,1.00
1894,1.00
1895,1.00
1896,1.00
1897,1.00
1898,1.00
1899,1.00
1900,1.00
1901,1.00
1902,1.00
1903,1.01
1904,1.01
1905,1.01
1906,1.02
1907,1.01
1908,1.01
1909,1.00
1910,1.01
1911,1.01
1912,1.00
1913,1.00
1914,1.00
1915,1.00
1916,1.00
1917,1.00
1918,1.00
1919,1.00
1920,1.00
1921,1.00
1922,1.00
1923,1.00
1924,1.00
1925,1.00
1926,1.00
1927,1.00
1928,1.00
1929,1.00
1930,1.00
1931,1.00
1932,1.00
1933,1.00
1934,1.01
1935,1.01
1936,1.01
1937,1.01
1938,1.01
1939,1.00
1940,1.01
1941,1.01
1942,1.01
1943,1.01
1944,1.00
1945,1.00
1946,1.00
1947,1.00
1948,1.00
1949,1.01
1950,1.01
1951,1.01
1952,1.01
1953,1.01
1954,1.00
1955,1.01
1956,1.01
1957,1.01
1958,1.01
1959,1.00
1960,1.00
1961,1.01
1962,1.00
1963,1.00
1964,1.00
1965,1.00
1966,1.00
1967,1.00
1968,1.01
1969,1.01
1970,1.01
1971,1.01
1972,1.02
1973,1.02
1974,1.01
1975,1.01
1976,1.00
1977,1.00
1978,1.00
1979,1.01
1980,1.01
1981,1.01
1982,1.01
1983,1.01
1984,1.01
1985,1.01
1986,1.02
1987,1.02
1988,1.02
1989,1.02
1990,1.02
1991,1.02
1992,1.02
1993,1.02
1994,1.02
1995,1.03
1996,1.02
1997,1.02
1998,1.01
1999,1.01
2000,1.02
2001,1.02
2002,1.01
2003,1.02
2004,1.02
2005,1.01
2006,1.02
2007,1.02
2008,1.02
2009,1.03
2010,1.03
2011,1.02
2012,1.02
2013,1.02
2014,1.01
2015,1.01
2016,1.00
2017,1.00
2018,1.00
2019,1.00
2020,1.00
2021,1.01
2022,1.01
2023,1.01
2024,1.02
2025,1.02
2026,1.03
2027,1.02
2028,1.03
2029,1.02
2030,1.02
2031,1.02
2032,1.03
2033,1.04
2034,1.03
2035,1.03
2036,1.03
2037,1.03
2038,1.02
2039,1.03
2040,1.03
2041,1.02
2042,1.02
2043,1.02
2044,1.01
2045,1.01
2046,1.02
2047,1.03
2048,1.02
2049,1.02
2050,1.02
2051,1.02
2052,1.02
2053,1.03
2054,1.02
2055,1.03
2056,1.02
2057,1.02
2058,1.02
2059,1.02
2060,1.03
2061,1.03
2062,1.03
2063,1.04
2064,1.03
2065,1.04
2066,1.04
2067,1.03
2068,1.04
2069,1.05
2070,1.07
2071,1.06
2072,1.06
2073,1.06
2074,1.05
2075,1.06
2076,1.05
2077,1.04
2078,1.04
2079,1.05
2080,1.05
2081,1.06
2082,1.06
2083,1.05
2084,1.05
2085,1.04
2086,1.04
2087,1.05
2088,1.06
2089,1.05
2090,1.06
2091,1.06
2092,1.07
2093,1.07
2094,1.07
2095,1.09
2096,1.07
2097,1.07
2098,1.08
2099,1.07
2100,1.07
2101,1.08
2102,1.08
2103,1.06
2104,1.07
2105,1.07
2106,1.07
2107,1.07
2108,1.07
2109,1.07
2110,1.07
2111,1.08
2112,1.08
2113,1.08
2114,1.06
2115,1.07
2116,1.07
2117,1.06
2118,1.05
2119,1.05
2120,1.05
2121,1.04
2122,1.04
2123,1.04
2124,1.03
2125,1.03
2126,1.03
2127,1.04
2128,1.04
2129,1.04
2130,1.05
2131,1.06
2132,1.06
2133,1.06
2134,1.04
2135,1.05
2136,1.06
2137,1.05
2138,1.05
2139,1.05
2140,1.05
2141,1.03
2142,1.04
2143,1.04
2144,1.03
2145,1.02
2146,1.02
2147,1.02
2148,1.03
2149,1.03
2150,1.03
2151,1.04
2152,1.05
2153,1.04
2154,1.05
2155,1.05
2156,1.06
2157,1.05
2158,1.05
2159,1.05
2160,1.06
2161,1.05
2162,1.04
2163,1.07
2164,1.06
2165,1.07
2166,1.05
2167,1.06
2168,1.07
2169,1.06
2170,1.06
2171,1.07
2172,1.06
2173,1.07
2174,1.08
2175,1.08
2176,1.07
2177,1.07
2178,1.07
2179,1.06
2180,1.06
2181,1.06
2182,1.06
2183,1.06
2184,1.06
2185,1.05
2186,1.06
2187,1.05
2188,1.05
2189,1.06
2190,1.06
2191,1.06
2192,1.07
2193,1.07
2194,1.05
2195,1.05
2196,1.04
2197,1.04
2198,1.05
2199,1.03
2200,1.06
2201,1.05
2202,1.06
2203,1.05
2204,1.04
2205,1.04
2206,1.04
2207,1.03
2208,1.05
2209,1.05
2210,1.05
2211,1.05
2212,1.04
2213,1.04
2214,1.04
2215,1.04
2216,1.04
2217,1.05
2218,1.03
2219,1.03
2220,1.03
2221,1.03
2222,1.03
2223,1.05
2224,1.05
2225,1.06
2226,1.06
2227,1.07
2228,1.04
2229,1.05
2230,1.04
2231,1.03
2232,1.02
2233,1.02
2234,1.02
2235,1.02
2236,1.02
2237,1.02
2238,1.03
2239,1.04
2240,1.03
2241,1.05
2242,1.05
2243,1.05
2244,1.05
2245,1.05
2246,1.06
2247,1.08
2248,1.07
2249,1.07
2250,1.07
2251,1.06
2252,1.04
2253,1.05
2254,1.04
2255,1.05
2256,1.04
2257,1.03
2258,1.02
2259,1.02
2260,1.03
2261,1.02
2262,1.01
2263,1.03
2264,1.04
2265,1.03
2266,1.04
2267,1.02
2268,1.02
2269,1.02
2270,1.02
2271,1.02
2272,1.02
2273,1.02
2274,1.01
2275,1.01
2276,1.01
2277,1.01
2278,1.01
2279,1.01
2280,1.01
2281,1.01
2282,1.01
2283,1.01
2284,1.01
2285,1.01
2286,1.00
2287,1.00
2288,1.00
2289,1.00
2290,1.00
2291,1.00
2292,1.00
2293,1.00
2294,1.00
2295,1.00
2296,1.00
2297,1.00
2298,1.01
2299,1.00
2300,1.00
2301,1.00
2302,1.00
2303,1.01
2304,1.01
2305,1.01
2306,1.01
2307,1.01
2308,1.02
2309,1.02
2310,1.02
2311,1.03
2312,1.03
2313,1.04
2314,1.04
2315,1.04
2316,1.05
2317,1.06
2318,1.05
2319,1.06
2320,1.06
2321,1.06
2322,1.06
2323,1.07
2324,1.10
2325,1.08
2326,1.08
2327,1.06
2328,1.08
2329,1.08
2330,1.07
2331,1.09
2332,1.12
2333,1.11
2334,1.11
2335,1.14
2336,1.13
2337,1.13
2338,1.11
2339,1.12
2340,1.11
2341,1.10
2342,1.12
2343,1.11
2344,1.11
2345,1.10
2346,1.09
2347,1.08
2348,1.09
2349,1.07
2350,1.07
2351,1.07
2352,1.06
2353,1.08
2354,1.08
2355,1.10
2356,1.08
2357,1.10
2358,1.07
2359,1.07
2360,1.06
2361,1.06
2362,1.07
2363,1.09
2364,1.09
2365,1.09
2366,1.06
2367,1.07
2368,1.05
2369,1.06
2370,1.04
2371,1.05
2372,1.03
2373,1.05
2374,1.04
2375,1.02
2376,1.01
2377,1.00
2378,1.00
2379,1.00
2380,1.00
2381,1.00
2382,1.00
2383,1.00
2384,1.00
2385,1.00
2386,1.00
2387,1.00
2388,1.00
2389,1.00
2390,1.00
2391,1.00
2392,1.00
2393,1.00
2394,1.00
2395,1.00
2396,1.00
2397,1.00
2398,1.00
2399,1.01
2400,1.01
2401,1.01
2402,1.01
2403,1.01
2404,1.01
2405,1.01
2406,1.01
2407,1.00
2408,1.00
2409,1.00
2410,1.00
2411,1.00
2412,1.00
2413,1.00
2414,1.00
2415,1.00
2416,1.00
2417,1.00
2418,1.00
2419,1.00
2420,1.00
2421,1.00
2422,1.00
2423,1.00
2424,1.00
2425,1.00
2426,1.00
2427,1.00
2428,1.01
2429,1.00
2430,1.01
2431,1.00
2432,1.01
2433,1.01
2434,1.01
2435,1.01
2436,1.01
2437,1.01
2438,1.01
2439,1.01
2440,1.01
2441,1.00
2442,1.00
2443,1.00
2444,1.01
2445,1.01
2446,1.01
2447,1.01
2448,1.01
2449,1.01
2450,1.01
2451,1.01
2452,1.01
2453,1.02
2454,1.01
2455,1.01
2456,1.01
2457,1.01
2458,1.01
2459,1.01
2460,1.01
2461,1.00
2462,1.01
2463,1.02
2464,1.02
2465,1.01
2466,1.01
2467,1.00
2468,1.01
2469,1.01
2470,1.02
2471,1.01
2472,1.02
2473,1.02
2474,1.01
2475,1.01
2476,1.01
2477,1.00
2478,1.00
2479,1.01
2480,1.02
2481,1.02
2482,1.02
2483,1.02
2484,1.03
2485,1.03
2486,1.02
2487,1.02
2488,1.02
2489,1.01
2490,1.02
2491,1.02
2492,1.02
2493,1.02
2494,1.03
2495,1.02
2496,1.03
2497,1.03
2498,1.03
2499,1.03
2500,1.03
2501,1.03
2502,1.04
2503,1.06
2504,1.06
2505,1.06
2506,1.05
2507,1.05
2508,1.04
2509,1.06
2510,1.05
2511,1.06
2512,1.06
2513,1.05
2514,1.05
2515,1.05
2516,1.05
2517,1.05
2518,1.06
2519,1.06
2520,1.07
2521,1.06
2522,1.07
2523,1.07
2524,1.06
2525,1.07
2526,1.06
2527,1.06
2528,1.05
2529,1.05
2530,1.06
2531,1.06
2532,1.06
2533,1.06
2534,1.07
2535,1.05
2536,1.06
2537,1.06
2538,1.06
2539,1.07
2540,1.05
2541,1.04
2542,1.06
2543,1.05
2544,1.05
2545,1.04
2546,1.05
2547,1.05
2548,1.05
2549,1.04
2550,1.04
2551,1.05
2552,1.05
2553,1.04
2554,1.04
2555,1.04
2556,1.05
2557,1.05
2558,1.04
2559,1.04
2560,1.04
2561,1.04
2562,1.03
2563,1.03
2564,1.03
2565,1.03
2566,1.03
2567,1.03
2568,1.02
2569,1.02
2570,1.02
2571,1.01
2572,1.02
2573,1.01
2574,1.02
2575,1.03
2576,1.03
2577,1.02
2578,1.03
2579,1.02
2580,1.02
2581,1.03
2582,1.03
2583,1.04
2584,1.03
2585,1.02
2586,1.02
2587,1.01
2588,1.00
2589,1.01
2590,1.01
2591,1.01
2592,1.01
2593,1.01
2594,1.00
2595,1.01
2596,1.01
2597,1.01
2598,1.02
2599,1.02
2600,1.02
2601,1.01
2602,1.01
2603,1.01
2604,1.02
2605,1.01
2606,1.01
2607,1.01
2608,1.01
2609,1.01
2610,1.01
2611,1.01
2612,1.01
2613,1.01
2614,1.01
2615,1.01
2616,1.01
2617,1.01
2618,1.01
2619,1.01
2620,1.01
2621,1.02
2622,1.01
2623,1.03
2624,1.02
2625,1.02
2626,1.02
2627,1.03
2628,1.02
2629,1.02
2630,1.02
2631,1.03
2632,1.02
2633,1.03
2634,1.03
2635,1.02
2636,1.02
2637,1.01
2638,1.01
2639,1.01
2640,1.01
2641,1.01
2642,1.00
2643,1.00
2644,1.00
2645,1.00
2646,1.00
2647,1.00
2648,1.00
2649,1.00
2650,1.00
2651,1.01
2652,1.00
2653,1.00
2654,1.00
2655,1.00
2656,1.01
2657,1.01
2658,1.01
2659,1.01
2660,1.01
2661,1.02
2662,1.02
2663,1.01
2664,1.01
2665,1.01
2666,1.02
2667,1.02
2668,1.02
2669,1.02
2670,1.02
2671,1.02
2672,1.02
2673,1.01
2674,1.02
2675,1.01
2676,1.01
2677,1.01
2678,1.01
2679,1.01
2680,1.01
2681,1.01
2682,1.00
2683,1.01
2684,1.00
2685,1.00
2686,1.00
2687,1.01
2688,1.00
2689,1.00
2690,1.01
2691,1.01
2692,1.01
2693,1.02
2694,1.01
2695,1.01
2696,1.01
2697,1.00
2698,1.00
2699,1.00
2700,1.01
2701,1.01
2702,1.00
2703,1.00
2704,1.01
2705,1.01
2706,1.01
2707,1.01
2708,1.01
2709,1.00
2710,1.01
2711,1.00
2712,1.00
2713,1.01
2714,1.01
2715,1.00
2716,1.00
2717,1.01
2718,1.00
2719,1.01
2720,1.00
2721,1.00
2722,1.00
2723,1.00
2724,1.00
2725,1.01
2726,1.01
2727,1.02
2728,1.01
2729,1.01
2730,1.01
2731,1.02
2732,1.02
2733,1.00
2734,1.01
2735,1.01
2736,1.01
2737,1.00
2738,1.00
2739,1.00
2740,1.00
2741,1.00
2742,1.00
2743,1.00
2744,1.00
2745,1.00
2746,1.01
2747,1.00
2748,1.01
2749,1.01
2750,1.01
2751,1.01
2752,1.01
2753,1.01
2754,1.01
2755,1.01
2756,1.02
2757,1.01
2758,1.01
2759,1.02
2760,1.01
2761,1.01
2762,1.01
2763,1.01
2764,1.01
2765,1.01
2766,1.02
2767,1.03
2768,1.05
2769,1.04
2770,1.03
2771,1.04
2772,1.02
2773,1.02
2774,1.02
2775,1.04
2776,1.05
2777,1.04
2778,1.05
2779,1.04
2780,1.04
2781,1.04
2782,1.05
2783,1.05
2784,1.06
2785,1.05
2786,1.06
2787,1.06
2788,1.05
2789,1.07
2790,1.08
2791,1.07
2792,1.09
2793,1.10
2794,1.09
2795,1.06
2796,1.08
2797,1.09
2798,1.10
2799,1.09
2800,1.09
2801,1.09
2802,1.08
2803,1.07
2804,1.08
2805,1.09
2806,1.11
2807,1.10
2808,1.11
2809,1.11
2810,1.09
2811,1.09
2812,1.09
2813,1.09
2814,1.10
2815,1.10
2816,1.13
2817,1.09
2818,1.09
2819,1.10
2820,1.10
2821,1.09
2822,1.11
2823,1.09
2824,1.10
2825,1.09
2826,1.11
2827,1.15
2828,1.16
2829,1.11
2830,1.12
2831,1.14
2832,1.14
2833,1.11
2834,1.13
2835,1.13
2836,1.13
2837,1.14
2838,1.12
2839,1.13
2840,1.10
2841,1.10
2842,1.09
2843,1.09
2844,1.11
2845,1.10
2846,1.10
2847,1.10
2848,1.11
2849,1.08
2850,1.07
2851,1.11
2852,1.09
2853,1.08
2854,1.08
2855,1.08
2856,1.09
2857,1.10
2858,1.11
2859,1.12
2860,1.12
2861,1.09
2862,1.10
2863,1.12
2864,1.12
2865,1.14
2866,1.16
2867,1.18
2868,1.18
2869,1.17
2870,1.16
2871,1.15
2872,1.17
2873,1.17
2874,1.19
2875,1.21
2876,1.17
2877,1.17
2878,1.17
2879,1.19
2880,1.17
2881,1.18
2882,1.18
2883,1.19
2884,1.21
2885,1.22
2886,1.23
2887,1.21
2888,1.25
2889,1.27
2890,1.24
2891,1.24
2892,1.25
2893,1.25
2894,1.28
2895,1.28
2896,1.28
2897,1.27
2898,1.26
2899,1.27
2900,1.21
2901,1.24
2902,1.24
2903,1.24
2904,1.26
2905,1.28
2906,1.26
2907,1.27
2908,1.25
2909,1.24
2910,1.28
2911,1.22
2912,1.27
2913,1.30
2914,1.35
2915,1.32
2916,1.37
2917,1.32
2918,1.35
2919,1.34
2920,1.33
2921,1.38
2922,1.36
2923,1.37
2924,1.44
2925,1.46
2926,1.47
2927,1.45
2928,1.49
2929,1.52
2930,1.56
2931,1.50
2932,1.55
2933,1.59
2934,1.60
2935,1.53
2936,1.66
2937,1.67
2938,1.64
2939,1.75
2940,1.83
2941,1.91
2942,2.22
2943,2.36
2944,2.44
2945,2.46
2946,2.51
2947,2.73
2948,2.79
2949,2.72
2950,2.76
2951,2.87
2952,2.94
2953,2.98
2954,2.95
2955,3.00
2956,3.00
2957,3.00
2958,2.98
2959,2.98
2960,3.00
2961,2.98
2962,2.96
2963,2.96
2964,2.92
2965,2.83
2966,2.76
2967,2.66
2968,2.57
2969,2.76
2970,2.92
2971,2.94
2972,2.95
2973,2.97
2974,3.00
2975,2.97
2976,2.96
2977,2.96
2978,2.98
2979,3.00
2980,3.00
2981,3.00
2982,2.94
2983,2.76
2984,2.86
2985,2.86
2986,2.82
2987,2.88
2988,2.87
2989,2.84
2990,2.72
2991,2.82
2992,2.81
2993,2.74
2994,2.92
2995,2.85
2996,2.96
2997,2.92
2998,2.89
2999,2.94
3000,2.96
3001,2.96
3002,2.95
3003,2.99
3004,3.00
3005,2.95
3006,2.94
3007,2.93
3008,2.87
3009,2.87
3010,2.93
3011,2.92
3012,2.92
3013,2.88
3014,2.98
3015,2.96
3016,2.98
3017,3.00
3018,3.00
3019,3.00
3020,3.00
3021,2.99
3022,2.98
3023,2.96
3024,2.98
3025,2.99
3026,2.92
3027,2.94
3028,2.92
3029,2.94
3030,2.98
3031,2.98
3032,2.99
3033,2.98
3034,2.96
3035,2.99
3036,2.96
3037,3.00
3038,2.99
3039,3.00
3040,3.00
3041,2.94
3042,2.92
3043,2.98
3044,2.96
3045,2.79
3046,2.86
3047,2.86
3048,2.93
3049,2.91
3050,3.00
3051,3.00
3052,3.00
3053,2.99
3054,2.97
3055,2.97
3056,2.94
3057,2.98
3058,2.97
3059,2.98
3060,2.94
3061,2.95
3062,2.98
3063,2.97
3064,2.98
3065,2.97
3066,2.95
3067,2.88
3068,2.88
3069,2.96
3070,2.96
3071,2.95
3072,2.94
3073,2.97
3074,2.96
3075,2.96
3076,2.94
3077,2.93
3078,2.89
3079,2.87
3080,2.92
3081,2.97
3082,2.92
3083,2.91
3084,2.95
3085,2.95
3086,2.95
3087,2.99
3088,2.95
3089,2.89
3090,2.94
3091,2.92
3092,3.00
3093,2.97
3094,2.97
3095,2.98
3096,2.93
3097,2.98
3098,2.98
3099,2.98
3100,2.94
3101,2.93
3102,2.84
3103,2.88
3104,2.83
3105,2.96
3106,2.96
3107,2.99
3108,3.00
3109,2.97
3110,2.96
3111,3.00
3112,3.00
3113,2.98
3114,2.97
3115,2.89
3116,2.94
3117,2.93
3118,2.93
3119,2.90
3120,2.98
3121,2.96
3122,2.90
3123,2.86
3124,2.88
3125,2.86
3126,2.79
3127,2.81
3128,2.81
3129,2.78
3130,2.75
3131,2.74
3132,2.79
3133,2.82
3134,2.89
3135,2.94
3136,2.96
3137,2.99
3138,3.00
3139,3.00
3140,2.98
3141,2.97
3142,2.97
3143,2.93
3144,2.96
3145,2.96
3146,2.98
3147,2.93
3148,2.99
3149,2.99
3150,2.99
3151,2.96
3152,2.97
3153,2.95
3154,2.97
3155,2.99
3156,3.00
3157,3.00
3158,3.00
3159,2.98
3160,2.97
3161,3.00
3162,3.00
3163,2.98
3164,2.97
3165,3.00
3166,2.95
3167,2.96
3168,2.94
3169,2.95
3170,2.95
3171,2.97
3172,2.98
3173,2.97
3174,3.00
3175,2.95
3176,2.92
3177,2.89
3178,2.91
3179,2.91
3180,2.93
3181,2.93
3182,2.97
3183,2.93
3184,2.96
3185,2.97
3186,2.95
3187,2.96
3188,2.97
3189,2.96
3190,2.93
3191,2.97
3192,2.96
3193,2.95
3194,2.99
3195,2.99
3196,3.00
3197,2.98
3198,2.95
3199,2.96
3200,2.93
3201,2.92
3202,2.90
3203,2.89
3204,2.84
3205,2.94
3206,2.95
3207,2.98
3208,2.96
3209,2.99
3210,2.97
3211,3.00
3212,2.95
3213,2.90
3214,2.89
3215,2.89
3216,2.87
3217,2.89
3218,2.91
3219,2.96
3220,2.97
3221,2.97
3222,2.95
3223,2.92
3224,2.99
3225,2.96
3226,2.90
3227,2.94
3228,2.93
3229,2.98
3230,2.94
3231,2.98
3232,2.99
3233,2.98
3234,3.00
3235,2.97
3236,2.98
3237,2.98
3238,2.97
3239,2.99
3240,2.95
3241,2.92
3242,2.91
3243,2.97
3244,2.91
3245,2.91
3246,2.98
3247,2.97
3248,2.96
3249,2.94
3250,2.97
3251,2.96
3252,2.95
3253,2.96
3254,2.99
3255,2.96
3256,2.98
3257,2.99
3258,2.98
3259,2.98
3260,2.97
3261,2.99
3262,3.00
3263,2.99
3264,2.95
3265,2.92
3266,2.94
3267,2.96
3268,2.91
3269,2.92
3270,2.97
3271,2.99
3272,2.96
3273,2.94
3274,2.92
3275,2.89
3276,2.86
3277,2.90
3278,2.92
3279,2.98
3280,2.99
3281,3.00
3282,3.00
3283,3.00
3284,3.00
3285,2.99
3286,3.00
3287,2.98
3288,2.94
3289,2.92
3290,2.90
3291,2.96
3292,2.95
3293,2.96
3294,3.00
3295,2.97
3296,2.98
3297,2.90
3298,2.91
3299,2.97
3300,2.97
3301,2.96
3302,2.93
3303,2.95
3304,2.97
3305,2.97
3306,2.92
3307,2.94
3308,2.95
3309,2.95
3310,2.94
3311,2.95
3312,2.94
3313,2.95
3314,2.95
3315,2.98
3316,2.96
3317,2.90
3318,2.92
3319,2.94
3320,2.93
3321,2.93
3322,2.88
3323,2.96
3324,2.98
3325,2.95
3326,2.97
3327,2.99
3328,2.96
3329,2.95
3330,2.97
3331,2.96
3332,2.97
3333,2.96
3334,2.96
3335,2.89
3336,2.97
3337,2.99
3338,2.98
3339,2.97
3340,2.87
3341,2.86
3342,2.91
3343,2.89
3344,2.93
3345,2.91
3346,2.94
3347,2.87
3348,2.87
3349,2.96
3350,2.99
3351,2.98
3352,2.96
3353,2.93
3354,2.98
3355,2.88
3356,2.84
3357,2.90
3358,2.92
3359,2.98
3360,2.93
3361,2.98
3362,2.96
3363,2.97
3364,2.98
3365,2.99
3366,2.98
3367,2.95
3368,2.95
3369,2.96
3370,2.95
3371,2.91
3372,2.88
3373,2.86
3374,2.90
3375,2.86
3376,2.85
3377,2.89
3378,2.92
3379,2.89
3380,2.97
3381,2.93
3382,2.99
3383,2.99
3384,2.95
3385,2.97
3386,2.99
3387,2.98
3388,2.97
3389,2.91
3390,2.92
3391,2.97
3392,2.97
3393,2.96
3394,2.98
3395,2.96
3396,2.97
3397,2.99
3398,2.99
3399,2.98
3400,2.99
3401,3.00
3402,3.00
3403,2.99
3404,2.98
3405,3.00
3406,2.98
3407,2.96
3408,3.00
3409,2.98
3410,2.98
3411,2.96
3412,2.99
3413,3.00
3414,2.99
3415,2.99
3416,2.92
3417,2.97
3418,2.90
3419,2.90
3420,2.90
3421,2.92
3422,2.94
3423,2.95
3424,2.95
3425,2.99
3426,2.97
3427,2.99
3428,2.98
3429,3.00
3430,2.98
3431,2.98
3432,2.95
3433,2.92
3434,2.85
3435,2.94
3436,2.99
3437,3.00
3438,3.00
3439,2.97
3440,2.97
3441,2.97
3442,2.96
3443,2.97
3444,2.96
3445,2.95
3446,2.96
3447,2.90
3448,2.95
3449,2.95
3450,3.00
3451,2.98
3452,2.99
3453,2.96
3454,2.97
3455,3.00
3456,3.00
3457,3.00
3458,3.00
3459,2.99
3460,2.98
3461,2.95
3462,2.95
3463,2.94
3464,2.94
3465,2.90
3466,2.90
3467,2.89
3468,2.93
3469,2.95
3470,2.95
3471,2.99
3472,3.00
3473,3.00
3474,3.00
3475,2.97
3476,2.95
3477,2.93
3478,2.92
3479,2.89
3480,2.92
3481,2.93
3482,2.97
3483,2.94
3484,2.99
3485,2.97
3486,2.98
3487,2.95
3488,3.00
3489,3.00
3490,3.00
3491,2.99
3492,2.99
3493,2.98
3494,2.97
3495,2.98
3496,2.99
3497,3.00
3498,3.00
3499,3.00
3500,2.99
3501,2.98
3502,2.95
3503,2.91
3504,2.90
3505,2.93
3506,2.92
3507,2.93
3508,2.96
3509,3.00
3510,2.99
3511,2.96
3512,2.92
3513,2.91
3514,2.94
3515,2.97
3516,2.98
3517,3.00
3518,3.00
3519,3.00
3520,3.00
3521,2.98
3522,2.96
3523,2.98
3524,2.97
3525,3.00
3526,3.00
3527,2.95
3528,2.97
3529,2.94
3530,2.93
3531,2.94
3532,2.96
3533,2.96
3534,2.95
3535,2.96
3536,2.98
3537,3.00
3538,3.00
3539,3.00
3540,3.00
3541,3.00
3542,3.00
3543,2.94
3544,2.95
3545,2.95
3546,2.96
3547,2.93
3548,2.91
3549,2.90
3550,2.88
3551,2.94
3552,2.96
3553,2.99
3554,2.99
3555,3.00
3556,3.00
3557,3.00
3558,2.98
3559,2.94
3560,2.94
3561,2.96
3562,2.97
3563,3.00
3564,2.98
3565,3.00
3566,3.00
3567,3.00
3568,3.00
3569,2.98
3570,2.99
3571,2.99
3572,3.00
3573,2.98
3574,2.98
3575,2.99
3576,2.98
3577,3.00
3578,2.98
3579,3.00
3580,3.00
3581,2.98
3582,3.00
3583,2.97
3584,2.94
3585,2.98
3586,3.00
3587,2.97
3588,3.00
3589,3.00
3590,2.99
3591,2.96
3592,2.97
3593,2.97
3594,2.95
3595,2.92
3596,2.92
3597,2.96
3598,2.98
3599,2.98
3600,2.99
3601,2.98
3602,2.99
3603,3.00
3604,2.99
3605,3.00
3606,3.00
3607,3.00
3608,2.99
3609,2.98
3610,2.96
3611,2.98
3612,2.97
3613,2.97
3614,2.97
3615,2.97
3616,2.95
3617,2.95
3618,2.95
3619,2.94
3620,2.99
3621,3.00
3622,3.00
3623,3.00
3624,2.99
3625,3.00
3626,3.00
3627,2.95
3628,3.00
3629,2.96
3630,2.96
3631,3.00
3632,2.97
3633,3.00
3634,2.98
3635,2.97
3636,2.95
3637,3.00
3638,2.98
3639,3.00
3640,2.94
3641,2.99
3642,2.91
3643,2.94
3644,2.99
3645,2.99
3646,3.00
3647,2.97
3648,3.00
3649,2.99
3650,2.96
3651,3.00
3652,2.96
3653,2.86
3654,2.83
3655,2.92
3656,2.93
3657,2.97
3658,3.00
3659,3.00
3660,2.98
3661,2.98
3662,3.00
3663,3.00
3664,3.00
3665,2.99
3666,2.97
3667,2.99
3668,2.98
3669,3.00
3670,2.93
3671,2.97
3672,2.96
3673,2.96
3674,3.00
3675,2.99
3676,2.97
3677,2.98
3678,2.99
3679,3.00
3680,2.97
3681,3.00
3682,2.99
3683,2.97
3684,3.00
3685,3.00
3686,2.98
3687,2.96
3688,2.92
3689,2.93
3690,2.97
3691,2.97
3692,3.00
3693,2.97
3694,2.97
3695,3.00
3696,3.00
3697,2.99
3698,2.97
3699,2.99
3700,2.96
3701,2.87
3702,2.86
3703,2.89
3704,2.91
3705,2.91
3706,2.84
3707,2.79
3708,2.83
3709,2.89
3710,2.93
3711,2.95
3712,2.88
3713,2.92
3714,2.96
3715,2.97
3716,3.00
3717,2.99
3718,2.95
3719,2.90
3720,2.97
3721,2.92
3722,2.90
3723,2.92
3724,2.90
3725,2.91
3726,2.86
3727,2.87
3728,2.90
3729,2.97
3730,2.97
3731,2.89
3732,2.91
3733,2.86
3734,2.89
3735,2.83
3736,2.86
3737,2.95
3738,2.99
3739,2.99
3740,2.99
3741,3.00
3742,2.99
3743,2.97
3744,2.93
3745,2.97
3746,2.94
3747,2.98
3748,2.99
3749,3.00
3750,3.00
3751,2.96
3752,2.97
3753,2.96
3754,2.95
3755,2.95
3756,2.95
3757,2.97
3758,3.00
3759,2.98
3760,2.98
3761,2.99
3762,2.99
3763,2.96
3764,3.00
3765,2.97
3766,2.99
3767,2.95
3768,2.99
3769,3.00
3770,3.00
3771,2.99
3772,2.95
3773,2.98
3774,2.99
3775,2.95
3776,2.90
3777,2.86
3778,2.93
3779,2.96
3780,2.98
3781,2.96
3782,2.97
3783,2.94
3784,2.96
3785,2.97
3786,2.90
3787,2.92
3788,2.90
3789,2.90
3790,2.80
3791,2.81
3792,2.75
3793,2.73
3794,2.62
3795,2.63
3796,2.70
3797,2.67
3798,2.59
3799,2.69
3800,2.70
3801,2.78
3802,2.72
3803,2.74
3804,2.79
3805,2.86
3806,2.93
3807,2.95
3808,2.98
3809,3.00
3810,3.00
3811,3.00
3812,2.98
3813,3.00
3814,2.97
3815,2.96
3816,2.97
3817,2.90
3818,2.92
3819,2.93
3820,2.94
3821,2.96
3822,2.99
3823,2.98
3824,3.00
3825,2.98
3826,3.00
3827,3.00
3828,3.00
3829,2.99
3830,2.99
3831,2.98
3832,2.99
3833,3.00
3834,2.99
3835,2.99
3836,3.00
3837,2.98
3838,2.98
3839,2.98
3840,2.99
3841,2.97
3842,2.96
3843,2.94
3844,2.94
3845,2.98
3846,2.90
3847,2.89
3848,2.95
3849,2.94
3850,2.99
3851,3.00
3852,2.99
3853,2.99
3854,2.99
3855,2.98
3856,2.98
3857,2.98
3858,2.99
3859,3.00
3860,3.00
3861,2.98
3862,2.98
3863,3.00
3864,3.00
3865,3.00
3866,3.00
3867,3.00
3868,3.00
3869,3.00
3870,2.98
3871,2.98
3872,2.98
3873,3.00
3874,3.00
3875,3.00
3876,2.99
3877,3.00
3878,2.99
3879,2.98
3880,2.97
3881,2.92
3882,2.91
3883,2.92
3884,2.94
3885,3.00
3886,2.98
3887,2.99
3888,2.98
3889,2.98
3890,2.98
3891,2.98
3892,2.94
3893,2.93
3894,2.97
3895,2.95
3896,2.96
3897,2.99
3898,2.99
3899,3.00
3900,3.00
3901,3.00
3902,2.99
3903,3.00
3904,3.00
3905,2.98
3906,2.96
3907,2.99
3908,3.00
3909,2.98
3910,3.00
3911,2.98
3912,2.95
3913,2.85
3914,2.94
3915,2.97
3916,2.97
3917,2.94
3918,2.99
3919,2.99
3920,3.00
3921,3.00
3922,3.00
3923,3.00
3924,3.00
3925,2.99
3926,2.98
3927,2.98
3928,2.98
3929,2.98
3930,2.99
3931,3.00
3932,2.96
3933,2.98
3934,2.99
3935,3.00
3936,2.99
3937,2.93
3938,2.90
3939,2.93
3940,2.91
3941,2.94
3942,2.96
3943,2.92
3944,2.96
3945,2.92
3946,2.96
3947,2.95
3948,2.96
3949,2.98
3950,2.99
3951,3.00
3952,3.00
3953,3.00
3954,2.99
3955,2.96
3956,2.99
3957,2.98
3958,3.00
3959,2.98
3960,2.97
3961,2.98
3962,2.95
3963,2.93
3964,2.92
3965,2.93
3966,2.92
3967,2.96
3968,2.96
3969,2.99
3970,2.98
3971,2.99
3972,2.96
3973,2.89
3974,2.90
3975,2.91
3976,2.84
3977,2.89
3978,2.92
3979,2.93
3980,2.86
3981,2.92
3982,2.87
3983,2.86
3984,2.85
3985,2.81
3986,2.80
3987,2.81
3988,2.86
3989,2.84
3990,2.83
3991,2.77
3992,2.81
3993,2.86
3994,2.86
3995,2.83
3996,2.86
3997,2.76
3998,2.81
3999,2.80
4000,2.87
4001,2.82
4002,2.82
4003,2.90
4004,2.92
4005,2.96
4006,2.91
4007,2.94
4008,2.93
4009,2.92
4010,2.95
4011,2.97
4012,2.99
4013,2.99
4014,2.99
4015,2.96
4016,2.99
4017,3.00
4018,3.00
4019,3.00
4020,2.96
4021,2.96
4022,2.95
4023,2.93
4024,2.92
4025,2.97
4026,2.96
4027,2.91
4028,2.92
4029,2.92
4030,2.98
4031,2.99
4032,2.99
4033,3.00
4034,3.00
4035,3.00
4036,2.98
4037,2.96
4038,2.96
4039,2.96
4040,2.91
4041,2.90
4042,2.89
4043,2.96
4044,2.93
4045,3.00
4046,2.98
4047,2.97
4048,2.99
4049,2.96
4050,2.99
4051,2.99
4052,2.92
4053,2.92
4054,2.93
4055,2.94
4056,2.94
4057,2.96
4058,2.97
4059,2.95
4060,2.92
4061,2.94
4062,2.95
4063,2.92
4064,2.95
4065,2.96
4066,2.95
4067,2.98
4068,2.99
4069,2.96
4070,2.93
4071,2.90
4072,2.89
4073,2.90
4074,2.85
4075,2.92
4076,2.97
4077,2.95
4078,2.97
4079,2.96
4080,2.99
4081,2.99
4082,3.00
4083,2.98
4084,2.98
4085,2.99
4086,2.90
4087,2.89
4088,2.93
4089,2.91
4090,2.92
4091,2.91
4092,2.97
4093,2.97
4094,2.99
4095,2.90
4096,2.90
4097,2.95
4098,2.95
4099,2.95
4100,2.91
4101,2.90
4102,2.99
4103,3.00
4104,2.99
4105,2.99
4106,3.00
4107,3.00
4108,2.98
4109,2.98
4110,3.00
4111,2.99
4112,3.00
4113,2.99
4114,2.99
4115,3.00
4116,3.00
4117,2.99
4118,2.96
4119,2.97
4120,2.99
4121,3.00
4122,2.97
4123,2.97
4124,2.95
4125,2.92
4126,2.88
4127,2.91
4128,2.89
4129,2.98
4130,2.98
4131,2.99
4132,2.99
4133,2.98
4134,2.97
4135,2.96
4136,2.98
4137,2.98
4138,2.99
4139,3.00
4140,3.00
4141,3.00
4142,2.99
4143,2.99
4144,2.99
4145,3.00
4146,2.99
4147,2.95
4148,2.97
4149,2.97
4150,2.94
4151,2.95
4152,2.94
4153,2.96
4154,2.94
4155,2.96
4156,2.97
4157,2.96
4158,2.97
4159,2.97
4160,2.94
4161,2.90
4162,2.94
4163,2.91
4164,2.91
4165,2.90
4166,2.89
4167,2.95
4168,2.92
4169,2.94
4170,2.90
4171,2.96
4172,2.96
4173,2.95
4174,2.96
4175,2.98
4176,2.97
4177,2.96
4178,2.95
4179,2.95
4180,2.96
4181,2.94
4182,2.94
4183,2.95
4184,2.93
4185,2.93
4186,2.94
4187,2.92
4188,2.90
4189,2.91
4190,2.91
4191,2.90
4192,2.95
4193,2.96
4194,2.95
4195,2.95
4196,2.96
4197,2.94
4198,2.96
4199,2.98
4200,2.98
4201,2.93
4202,2.93
4203,2.97
4204,2.95
4205,2.94
4206,2.96
4207,2.96
4208,2.97
4209,2.94
4210,2.94
4211,2.94
4212,2.94
4213,2.94
4214,2.95
4215,2.98
4216,2.98
4217,2.97
4218,2.96
4219,2.94
4220,2.92
4221,2.90
4222,2.92
4223,2.95
4224,2.96
4225,2.95
4226,2.92
4227,2.92
4228,2.95
4229,2.95
4230,2.94
4231,2.96
4232,2.97
4233,3.00
4234,2.98
4235,2.96
4236,2.95
4237,2.99
4238,2.97
4239,2.96
4240,2.92
4241,2.93
4242,2.98
4243,3.00
4244,2.99
4245,2.96
4246,2.99
4247,3.00
4248,3.00
4249,3.00
4250,2.99
4251,2.97
4252,2.98
4253,2.97
4254,3.00
4255,2.97
4256,2.97
4257,2.99
4258,3.00
4259,2.98
4260,2.96
4261,2.99
4262,2.97
4263,2.96
4264,2.99
4265,2.97
4266,2.97
4267,2.98
4268,2.95
4269,2.98
4270,2.98
4271,2.98
4272,2.96
4273,2.98
4274,2.98
4275,2.97
4276,2.96
4277,2.96
4278,2.97
4279,2.88
4280,2.90
4281,2.85
4282,2.88
4283,2.94
4284,2.94
4285,2.96
4286,2.94
4287,2.99
4288,2.99
4289,3.00
4290,2.99
4291,2.98
4292,2.99
4293,2.99
4294,2.97
4295,2.92
4296,2.92
4297,2.90
4298,2.90
4299,2.90
4300,2.92
4301,2.89
4302,2.93
4303,2.99
4304,2.96
4305,2.98
4306,2.92
4307,2.95
4308,2.93
4309,2.88
4310,2.89
4311,2.97
4312,2.95
4313,2.97
4314,2.99
4315,2.97
4316,2.99
4317,3.00
4318,2.99
4319,2.98
4320,2.96
4321,2.96
4322,2.98
4323,2.99
4324,2.99
4325,3.00
4326,3.00
4327,2.97
4328,3.00
4329,2.99
4330,2.99
4331,2.99
4332,2.99
4333,2.99
4334,2.99
4335,2.99
4336,2.95
4337,2.96
4338,2.99
4339,2.99
4340,3.00
4341,3.00
4342,2.99
4343,2.95
4344,2.97
4345,2.99
4346,3.00
4347,2.99
4348,2.99
4349,2.99
4350,2.96
4351,2.92
4352,2.93
4353,2.97
4354,2.94
4355,2.95
4356,2.97
4357,2.99
4358,3.00
4359,3.00
4360,2.99
4361,3.00
4362,3.00
4363,3.00
4364,3.00
4365,2.98
4366,2.99
4367,2.97
4368,2.96
4369,2.97
4370,2.94
4371,2.98
4372,2.97
4373,2.94
4374,2.97
4375,2.99
4376,2.99
4377,2.99
4378,2.99
4379,2.97
4380,2.97
4381,2.99
4382,2.98
4383,2.96
4384,2.95
4385,2.92
4386,2.97
4387,2.95
4388,2.96
4389,2.98
4390,3.00
4391,3.00
4392,3.00
4393,3.00
4394,3.00
4395,2.99
4396,2.97
4397,2.96
4398,2.95
4399,2.95
4400,2.96
4401,2.97
4402,2.94
4403,2.90
4404,2.85
4405,2.84
4406,2.83
4407,2.80
4408,2.83
4409,2.89
4410,2.92
4411,2.95
4412,2.92
4413,2.93
4414,2.92
4415,2.92
4416,2.89
4417,2.95
4418,2.95
4419,2.95
4420,2.95
4421,2.93
4422,2.96
4423,2.96
4424,2.97
4425,2.96
4426,2.95
4427,2.95
4428,2.95
4429,2.97
4430,2.97
4431,2.95
4432,2.91
4433,2.93
4434,2.89
4435,2.85
4436,2.84
4437,2.90
4438,2.89
4439,2.90
4440,2.84
4441,2.86
4442,2.78
4443,2.79
4444,2.73
4445,2.76
4446,2.80
4447,2.74
4448,2.79
4449,2.84
4450,2.83
4451,2.85
4452,2.84
4453,2.88
4454,2.91
4455,2.91
4456,2.94
4457,2.91
4458,2.95
4459,2.93
4460,2.96
4461,2.93
4462,2.95
4463,2.96
4464,2.96
4465,2.94
4466,2.89
4467,2.88
4468,2.91
4469,2.90
4470,2.94
4471,2.91
4472,2.94
4473,2.94
4474,2.95
4475,2.97
4476,2.94
4477,2.96
4478,2.96
4479,2.96
4480,2.99
4481,2.98
4482,2.98
4483,2.94
4484,2.93
4485,2.97
4486,2.98
4487,2.98
4488,2.98
4489,3.00
4490,3.00
4491,3.00
4492,3.00
4493,2.99
4494,2.99
4495,2.95
4496,2.94
4497,2.92
4498,2.95
4499,2.96
4500,2.95
4501,2.95
4502,2.97
4503,2.97
4504,2.97
4505,2.96
4506,2.95
4507,2.98
4508,2.96
4509,2.97
4510,2.94
4511,2.95
4512,2.98
4513,2.97
4514,2.97
4515,2.95
4516,2.97
4517,2.97
4518,2.97
4519,2.96
4520,2.97
4521,2.95
4522,2.98
4523,2.97
4524,2.97
4525,2.91
4526,2.94
4527,2.97
4528,2.95
4529,2.93
4530,2.94
4531,2.91
4532,2.94
4533,2.96
4534,2.96
4535,2.96
4536,2.98
4537,2.97
4538,2.97
4539,2.96
4540,2.96
4541,2.96
4542,2.97
4543,2.96
4544,2.93
4545,2.95
4546,2.94
4547,2.96
4548,2.93
4549,2.96
4550,2.97
4551,2.97
4552,2.95
4553,2.91
4554,2.91
4555,2.93
4556,2.95
4557,2.96
4558,2.96
4559,2.94
4560,2.94
4561,2.94
4562,2.93
4563,2.93
4564,2.94
4565,2.97
4566,2.95
4567,2.92
4568,2.94
4569,2.95
4570,2.97
4571,2.98
4572,2.97
4573,2.99
4574,2.94
4575,2.97
4576,2.96
4577,2.99
4578,2.98
4579,2.99
4580,2.99
4581,2.99
4582,3.00
4583,2.99
4584,2.98
4585,2.99
4586,2.97
4587,2.98
4588,2.99
4589,3.00
4590,3.00
4591,2.99
4592,2.98
4593,2.99
4594,2.99
4595,2.96
4596,2.96
4597,2.98
4598,2.95
4599,2.91
4600,2.91
4601,2.93
4602,2.96
4603,2.96
4604,2.98
4605,2.96
4606,2.96
4607,2.93
4608,2.94
4609,2.97
4610,2.94
4611,2.96
4612,2.98
4613,3.00
4614,3.00
4615,3.00
4616,2.99
4617,2.99
4618,3.00
4619,3.00
4620,3.00
4621,2.99
4622,2.98
4623,2.95
4624,2.96
4625,2.95
4626,2.97
4627,2.99
4628,2.99
4629,2.99
4630,2.99
4631,3.00
4632,3.00
4633,3.00
4634,3.00
4635,3.00
4636,3.00
4637,3.00
4638,2.99
4639,2.99
4640,2.99
4641,3.00
4642,3.00
4643,2.99
4644,2.99
4645,2.98
4646,2.97
4647,2.98
4648,2.98
4649,2.99
4650,2.99
4651,2.99
4652,3.00
4653,2.99
4654,3.00
4655,2.97
4656,2.97
4657,2.97
4658,2.95
4659,2.96
4660,2.94
4661,2.98
4662,2.97
4663,2.98
4664,2.99
4665,2.97
4666,2.97
4667,2.97
4668,2.94
4669,2.95
4670,2.99
4671,3.00
4672,2.99
4673,3.00
4674,2.96
4675,3.00
4676,2.99
4677,2.99
4678,2.97
4679,2.95
4680,2.92
4681,2.96
4682,2.98
4683,2.91
4684,2.92
4685,2.91
4686,2.92
4687,2.95
4688,2.96
4689,2.95
4690,2.97
4691,2.94
4692,2.94
4693,2.91
4694,2.91
4695,2.89
4696,2.77
4697,2.86
4698,2.87
4699,2.91
4700,2.82
4701,2.84
4702,2.86
4703,2.91
4704,2.96
4705,2.94
4706,2.95
4707,2.91
4708,2.92
4709,2.90
4710,2.91
4711,2.95
4712,2.95
4713,2.99
4714,3.00
4715,3.00
4716,2.99
4717,2.98
4718,2.94
4719,2.95
4720,2.98
4721,2.98
4722,2.99
4723,2.98
4724,2.99
4725,2.94
4726,2.99
4727,2.99
4728,2.99
4729,2.99
4730,2.93
4731,2.95
4732,2.92
4733,2.93
4734,3.00
4735,2.96
4736,2.96
4737,2.94
4738,2.95
4739,2.94
4740,2.95
4741,2.96
4742,2.96
4743,2.95
4744,2.95
4745,2.92
4746,2.94
4747,2.94
4748,2.94
4749,2.87
4750,2.88
4751,2.87
4752,2.86
4753,2.87
4754,2.91
4755,2.90
4756,2.93
4757,2.94
4758,2.95
4759,2.95
4760,2.92
4761,2.98
4762,2.94
4763,2.91
4764,2.92
4765,2.93
4766,2.94
4767,2.94
4768,2.95
4769,2.96
4770,2.96
4771,2.96
4772,2.96
4773,2.96
4774,2.97
4775,2.93
4776,2.98
4777,3.00
4778,2.99
4779,2.98
4780,3.00
4781,2.98
4782,2.98
4783,2.98
4784,2.99
4785,2.96
4786,2.98
4787,2.97
4788,2.97
4789,2.94
4790,2.92
4791,2.93
4792,2.95
4793,2.97
4794,2.94
4795,2.95
4796,2.96
4797,2.95
4798,2.98
4799,2.94
4800,2.89
4801,2.91
4802,2.92
4803,2.93
4804,2.99
4805,2.97
4806,2.99
4807,3.00
4808,2.99
4809,2.99
4810,3.00
4811,3.00
4812,3.00
4813,2.99
4814,3.00
4815,2.99
4816,2.98
4817,2.98
4818,2.97
4819,2.95
4820,2.98
4821,3.00
4822,2.98
4823,2.98
4824,2.98
4825,3.00
4826,3.00
4827,3.00
4828,2.97
4829,2.98
4830,3.00
4831,2.99
4832,3.00
4833,3.00
4834,2.98
4835,2.95
4836,2.92
4837,2.90
4838,2.92
4839,2.86
4840,2.89
4841,2.87
4842,2.86
4843,2.88
4844,2.92
4845,2.90
4846,2.90
4847,2.88
4848,2.85
4849,2.87
4850,2.90
4851,2.93
4852,2.95
4853,2.99
4854,2.98
4855,2.99
4856,3.00
4857,3.00
4858,3.00
4859,3.00
4860,3.00
4861,3.00
4862,2.98
4863,2.98
4864,2.97
4865,3.00
4866,2.98
4867,2.98
4868,2.98
4869,3.00
4870,2.99
4871,3.00
4872,2.98
4873,3.00
4874,3.00
4875,3.00
4876,2.99
4877,3.00
4878,3.00
4879,2.99
4880,2.98
4881,3.00
4882,2.99
4883,3.00
4884,3.00
4885,3.00
4886,3.00
4887,3.00
4888,2.99
4889,3.00
4890,2.98
4891,3.00
4892,3.00
4893,3.00
4894,3.00
4895,2.97
4896,2.99
4897,2.98
4898,2.94
4899,2.94
4900,2.90
4901,2.92
4902,2.99
4903,2.96
4904,2.97
4905,2.95
4906,2.97
4907,2.96
4908,2.97
4909,2.98
4910,2.96
4911,2.95
4912,2.96
4913,2.97
4914,2.98
4915,2.99
4916,2.98
4917,2.97
4918,2.97
4919,2.97
4920,2.96
4921,2.94
4922,2.98
4923,2.99
4924,2.98
4925,2.97
4926,2.99
4927,2.97
4928,2.98
4929,2.99
4930,2.99
4931,2.99
4932,2.98
4933,2.98
4934,3.00
4935,3.00
4936,3.00
4937,3.00
4938,2.98
4939,2.98
4940,2.97
4941,2.97
4942,2.95
4943,2.93
4944,2.93
4945,2.96
4946,2.97
4947,2.97
4948,2.94
4949,2.90
4950,2.91
4951,2.95
4952,2.97
4953,2.90
4954,2.96
4955,2.95
4956,2.95
4957,2.93
4958,2.96
4959,2.98
4960,2.93
4961,2.96
4962,2.95
4963,2.97
4964,2.94
4965,2.96
4966,2.97
4967,2.97
4968,2.97
4969,2.97
4970,2.99
4971,2.99
4972,2.98
4973,2.97
4974,2.96
4975,2.97
4976,2.93
4977,2.95
4978,2.97
4979,2.98
4980,2.98
4981,2.97
4982,2.98
4983,2.98
4984,3.00
4985,2.97
4986,2.96
4987,2.95
4988,2.96
4989,2.96
4990,2.92
4991,2.87
4992,2.93
4993,2.90
4994,2.91
4995,2.94
4996,2.91
4997,2.93
4998,2.92
4999,2.92
5000,2.87
5001,2.80
5002,2.84
5003,2.84
5004,2.83
5005,2.82
5006,2.82
5007,2.86
5008,2.90
5009,2.99
5010,2.96
5011,2.99
5012,2.97
5013,2.96
5014,2.95
5015,2.95
5016,2.97
5017,2.97
5018,2.99
5019,2.98
5020,2.97
5021,2.95
5022,2.97
5023,3.00
5024,3.00
5025,3.00
5026,2.99
5027,2.99
5028,3.00
5029,3.00
5030,3.00
5031,2.98
5032,2.98
5033,2.98
5034,2.96
5035,2.96
5036,2.87
5037,2.88
5038,2.77
5039,2.89
5040,2.89
5041,2.87
5042,2.83
5043,2.83
5044,2.73
5045,2.82
5046,2.82
5047,2.84
5048,2.81
5049,2.90
5050,2.87
5051,2.92
5052,3.00
5053,3.00
5054,2.97
5055,2.97
5056,2.94
5057,2.94
5058,2.89
5059,2.96
5060,2.97
5061,2.97
5062,2.98
5063,2.99
5064,2.97
5065,2.98
5066,2.99
5067,3.00
5068,3.00
5069,2.98
5070,3.00
5071,2.99
5072,2.99
5073,2.99
5074,2.98
5075,2.95
5076,2.96
5077,2.99
5078,2.94
5079,2.96
5080,2.99
5081,2.97
5082,2.96
5083,2.94
5084,2.91
5085,2.96
5086,2.94
5087,2.90
5088,2.98
5089,2.98
5090,2.96
5091,3.00
5092,2.99
5093,3.00
5094,2.99
5095,2.97
5096,2.99
5097,3.00
5098,2.96
5099,2.98
5100,2.99
5101,2.97
5102,2.96
5103,2.99
5104,2.98
5105,3.00
5106,3.00
5107,3.00
5108,2.95
5109,2.95
5110,2.93
5111,2.92
5112,2.96
5113,2.93
5114,2.88
5115,2.91
5116,2.91
5117,2.98
5118,3.00
5119,3.00
5120,2.98
5121,2.94
5122,2.93
5123,2.95
5124,2.94
5125,2.95
5126,2.98
5127,2.98
5128,2.97
5129,2.93
5130,2.95
5131,2.95
5132,2.96
5133,2.96
5134,2.90
5135,2.83
5136,2.88
5137,2.87
5138,2.95
5139,2.94
5140,2.97
5141,2.95
5142,2.97
5143,2.96
5144,2.94
5145,2.90
5146,2.92
5147,2.95
5148,2.99
5149,2.95
5150,3.00
5151,2.98
5152,2.92
5153,2.93
5154,2.91
5155,2.97
5156,2.94
5157,2.94
5158,2.93
5159,2.96
5160,3.00
5161,3.00
5162,2.97
5163,2.99
5164,3.00
5165,2.99
5166,2.95
5167,2.98
5168,2.98
5169,2.88
5170,2.90
5171,2.92
5172,2.93
5173,2.95
5174,2.97
5175,2.95
5176,2.97
5177,2.98
5178,3.00
5179,3.00
5180,2.96
5181,2.92
5182,2.89
5183,2.98
5184,3.00
5185,3.00
5186,3.00
5187,2.95
5188,2.97
5189,2.99
5190,2.99
5191,2.98
5192,2.99
5193,2.96
5194,2.93
5195,2.96
5196,3.00
5197,3.00
5198,3.00
5199,3.00
5200,2.97
5201,2.95
5202,2.98
5203,3.00
5204,2.98
5205,2.94
5206,2.93
5207,2.94
5208,2.94
5209,2.98
5210,2.99
5211,2.97
5212,2.92
5213,2.94
5214,2.96
5215,2.92
5216,2.94
5217,2.91
5218,2.89
5219,2.89
5220,2.91
5221,2.94
5222,2.97
5223,2.98
5224,2.96
5225,2.96
5226,2.98
5227,2.96
5228,2.90
5229,2.93
5230,2.98
5231,3.00
5232,2.92
5233,2.93
5234,2.97
5235,2.99
5236,2.95
5237,2.88
5238,2.93
5239,2.90
5240,2.93
5241,2.75
5242,2.92
5243,2.98
5244,2.99
5245,3.00
5246,3.00
5247,2.96
5248,2.97
5249,2.98
5250,2.94
5251,2.94
5252,3.00
5253,2.98
5254,2.98
5255,3.00
5256,2.97
5257,2.98
5258,2.97
5259,2.94
5260,2.99
5261,2.97
5262,2.96
5263,2.97
5264,2.93
5265,2.88
5266,2.87
5267,2.87
5268,2.82
5269,2.98
5270,2.96
5271,2.99
5272,2.99
5273,2.99
5274,2.96
5275,2.94
5276,2.99
5277,2.99
5278,3.00
5279,2.98
5280,3.00
5281,3.00
5282,2.98
5283,2.93
5284,2.93
5285,2.96
5286,2.99
5287,2.95
5288,2.97
5289,2.98
5290,2.99
5291,2.98
5292,2.98
5293,2.96
5294,2.96
5295,2.98
5296,2.99
5297,2.98
5298,2.97
5299,2.99
5300,2.96
5301,2.95
5302,2.96
5303,2.95
5304,2.98
5305,2.99
5306,2.97
5307,3.00
5308,3.00
5309,3.00
5310,2.97
5311,2.97
5312,2.97
5313,2.98
5314,2.96
5315,2.97
5316,2.97
5317,2.95
5318,3.00
5319,2.97
5320,2.99
5321,2.95
5322,2.92
5323,2.89
5324,2.97
5325,2.98
5326,2.99
5327,3.00
5328,3.00
5329,3.00
5330,2.98
5331,2.97
5332,2.91
5333,2.92
5334,2.96
5335,2.91
5336,2.91
5337,2.94
5338,2.93
5339,2.93
5340,2.92
5341,2.99
5342,2.97
5343,2.96
5344,2.96
5345,2.99
5346,2.97
5347,2.99
5348,2.99
5349,2.99
5350,2.97
5351,2.99
5352,3.00
5353,3.00
5354,3.00
5355,3.00
5356,2.99
5357,3.00
5358,2.99
5359,3.00
5360,2.98
5361,2.98
5362,3.00
5363,2.98
5364,2.99
5365,2.97
5366,2.96
5367,2.97
5368,2.94
5369,2.93
5370,2.90
5371,2.93
5372,2.94
5373,2.83
5374,2.89
5375,2.93
5376,2.94
5377,2.85
5378,2.86
5379,2.84
5380,2.92
5381,2.97
5382,3.00
5383,3.00
5384,2.99
5385,2.96
5386,3.00
5387,2.98
5388,2.97
5389,2.97
5390,2.98
5391,2.98
5392,2.96
5393,2.96
5394,2.98
5395,2.99
5396,2.99
5397,3.00
5398,3.00
5399,2.99
5400,2.97
5401,2.92
5402,2.91
5403,2.89
5404,2.88
5405,2.76
5406,2.83
5407,2.91
5408,2.93
5409,2.95
5410,2.96
5411,2.95
5412,2.93
5413,2.83
5414,2.75
5415,2.80
5416,2.89
5417,2.87
5418,2.87
5419,2.89
5420,2.88
5421,2.76
5422,2.89
5423,2.82
5424,2.91
5425,2.96
5426,2.97
5427,2.99
5428,2.95
5429,2.99
5430,3.00
5431,2.99
5432,3.00
5433,3.00
5434,2.99
5435,2.97
5436,2.97
5437,2.96
5438,3.00
5439,3.00
5440,2.98
5441,2.97
5442,3.00
5443,3.00
5444,3.00
5445,2.94
5446,2.96
5447,2.93
5448,2.99
5449,2.97
5450,2.95
5451,2.90
5452,2.88
5453,2.94
5454,2.96
5455,2.96
5456,2.89
5457,2.93
5458,2.92
5459,2.93
5460,2.95
5461,3.00
5462,2.98
5463,2.94
5464,2.94
5465,2.95
5466,2.96
5467,2.91
5468,2.87
5469,2.93
5470,2.96
5471,2.98
5472,3.00
5473,3.00
5474,2.98
5475,2.98
5476,2.99
5477,3.00
5478,2.97
5479,2.97
5480,2.94
5481,2.89
5482,2.94
5483,2.95
5484,2.94
5485,2.98
5486,2.99
5487,3.00
5488,2.99
5489,2.98
5490,2.97
5491,2.95
5492,2.96
5493,2.96
5494,2.98
5495,2.97
5496,3.00
5497,3.00
5498,3.00
5499,3.00
5500,2.99
5501,2.96
5502,2.93
5503,2.94
5504,2.97
5505,2.95
5506,2.94
5507,2.99
5508,2.98
5509,2.87
5510,2.96
5511,2.99
5512,3.00
5513,3.00
5514,2.95
5515,2.94
5516,2.98
5517,2.95
5518,2.97
5519,2.96
5520,2.95
5521,2.97
5522,2.94
5523,2.93
5524,2.96
5525,2.93
5526,2.84
5527,2.95
5528,2.98
5529,2.97
5530,2.86
5531,2.88
5532,2.89
5533,2.82
5534,2.88
5535,2.88
5536,2.96
5537,2.98
5538,2.97
5539,3.00
5540,3.00
5541,3.00
5542,3.00
5543,2.99
5544,2.96
5545,2.97
5546,2.95
5547,2.99
5548,3.00
5549,2.99
5550,2.99
5551,3.00
5552,2.98
5553,2.94
5554,2.92
5555,2.91
5556,2.90
5557,2.90
5558,2.89
5559,2.84
5560,2.82
5561,2.78
5562,2.74
5563,2.76
5564,2.75
5565,2.83
5566,2.98
5567,3.00
5568,3.00
5569,2.99
5570,3.00
5571,2.99
5572,2.94
5573,2.93
5574,2.88
5575,2.91
5576,2.91
5577,2.94
5578,2.90
5579,2.95
5580,2.96
5581,2.98
5582,2.96
5583,2.97
5584,2.97
5585,2.94
5586,2.92
5587,2.97
5588,2.96
5589,2.94
5590,2.94
5591,2.87
5592,2.91
5593,2.98
5594,2.95
5595,2.97
5596,2.97
5597,2.94
5598,2.95
5599,2.97
5600,2.95
5601,2.92
5602,2.84
5603,2.73
5604,2.74
5605,2.75
5606,2.76
5607,2.68
5608,2.75
5609,2.62
5610,2.72
5611,2.79
5612,2.80
5613,2.75
5614,2.76
5615,2.76
5616,2.71
5617,2.74
5618,2.75
5619,2.67
5620,2.72
5621,2.77
5622,2.81
5623,2.71
5624,2.77
5625,2.88
5626,2.89
5627,2.94
5628,2.91
5629,2.97
5630,2.98
5631,2.98
5632,2.98
5633,3.00
5634,2.99
5635,2.97
5636,3.00
5637,3.00
5638,3.00
5639,2.99
5640,2.93
5641,2.99
5642,2.99
5643,3.00
5644,3.00
5645,2.99
5646,2.95
5647,3.00
5648,2.97
5649,2.94
5650,2.97
5651,2.93
5652,2.96
5653,3.00
5654,2.98
5655,3.00
5656,3.00
5657,2.97
5658,2.96
5659,2.99
5660,2.99
5661,3.00
5662,3.00
5663,2.98
5664,3.00
5665,3.00
5666,2.98
5667,2.98
5668,2.99
5669,2.96
5670,2.92
5671,2.91
5672,2.96
5673,2.95
5674,2.95
5675,2.90
5676,2.93
5677,3.00
5678,3.00
5679,3.00
5680,2.97
5681,2.99
5682,2.98
5683,2.96
5684,2.92
5685,2.94
5686,2.97
5687,2.97
5688,2.97
5689,2.95
5690,2.95
5691,2.97
5692,2.94
5693,2.96
5694,2.94
5695,2.95
5696,2.89
5697,2.98
5698,2.99
5699,3.00
5700,2.97
5701,2.96
5702,2.81
5703,2.89
5704,2.88
5705,2.97
5706,2.94
5707,2.95
5708,2.92
5709,2.95
5710,2.91
5711,2.97
5712,2.90
5713,2.93
5714,2.98
5715,2.95
5716,2.95
5717,2.94
5718,2.97
5719,2.98
5720,2.94
5721,3.00
5722,2.99
5723,2.97
5724,2.95
5725,2.87
5726,2.92
5727,2.90
5728,2.98
5729,2.93
5730,2.98
5731,2.98
5732,2.96
5733,2.91
5734,2.96
5735,2.96
5736,2.96
5737,2.94
5738,2.88
5739,2.84
5740,2.89
5741,2.96
5742,2.88
5743,2.86
5744,2.87
5745,2.87
5746,2.96
5747,3.00
5748,3.00
5749,2.98
5750,2.95
5751,2.92
5752,2.92
5753,2.95
5754,2.94
5755,2.90
5756,2.90
5757,2.93
5758,2.94
5759,2.98
5760,2.97
5761,3.00
5762,3.00
5763,2.99
5764,2.92
5765,2.95
5766,2.98
5767,2.93
5768,2.94
5769,2.94
5770,2.93
5771,2.78
5772,2.95
5773,2.98
5774,3.00
5775,2.95
5776,2.95
5777,2.91
5778,2.86
5779,2.83
5780,2.84
5781,2.75
5782,2.84
5783,2.91
5784,2.98
5785,2.98
5786,2.88
5787,2.89
5788,2.92
5789,2.85
5790,2.86
5791,2.91
5792,2.95
5793,3.00
5794,2.96
5795,2.94
5796,2.97
5797,2.99
5798,2.99
5799,2.99
5800,2.99
5801,2.99
5802,2.99
5803,2.96
5804,2.98
5805,2.94
5806,3.00
5807,2.99
5808,3.00
5809,2.98
5810,3.00
5811,2.99
5812,2.95
5813,2.98
5814,2.93
5815,2.93
5816,2.94
5817,3.00
5818,3.00
5819,2.97
5820,2.98
5821,2.95
5822,2.91
5823,2.97
5824,2.97
5825,2.92
5826,2.88
5827,2.94
5828,2.98
5829,2.98
5830,2.96
5831,2.98
5832,2.91
5833,2.94
5834,2.96
5835,2.93
5836,2.95
5837,2.99
5838,2.99
5839,2.98
5840,2.98
5841,2.95
5842,2.97
5843,2.94
5844,2.97
5845,2.97
5846,2.99
5847,2.98
5848,2.99
5849,2.96
5850,2.89
5851,2.92
5852,2.92
5853,2.96
5854,3.00
5855,3.00
5856,2.97
5857,2.96
5858,2.99
5859,3.00
5860,2.98
5861,2.97
5862,2.97
5863,2.94
5864,2.85
5865,2.94
5866,2.90
5867,2.86
5868,2.88
5869,2.87
5870,2.90
5871,2.90
5872,2.88
5873,2.85
5874,2.93
5875,2.95
5876,2.94
5877,2.97
5878,2.91
5879,2.88
5880,2.95
5881,2.94
5882,2.89
5883,2.87
5884,2.89
5885,2.91
5886,3.00
5887,3.00
5888,2.97
5889,2.93
5890,2.86
5891,2.90
5892,2.87
5893,2.96
5894,3.00
5895,3.00
5896,2.96
5897,3.00
5898,2.95
5899,2.96
5900,2.95
5901,2.98
5902,2.91
5903,2.94
5904,2.99
5905,2.95
5906,2.93
5907,2.91
5908,2.94
5909,2.96
5910,2.91
5911,2.94
5912,2.91
5913,2.93
5914,2.91
5915,2.91
5916,2.90
5917,2.79
5918,2.89
5919,2.86
5920,2.86
5921,2.87
5922,2.92
5923,2.94
5924,2.93
5925,2.98
5926,3.00
5927,3.00
5928,2.93
5929,2.85
5930,2.77
5931,2.67
5932,2.72
5933,2.66
5934,2.62
5935,2.81
5936,2.85
5937,3.00
5938,3.00
5939,2.89
5940,2.89
5941,2.73
5942,2.72
5943,2.84
5944,2.69
5945,2.86
5946,2.83
5947,2.79
5948,2.82
5949,2.84
5950,2.74
5951,2.74
5952,2.78
5953,2.87
5954,2.86
5955,2.86
5956,2.89
5957,2.92
5958,2.93
5959,2.93
5960,2.86
5961,2.98
5962,2.96
5963,2.98
5964,2.99
5965,2.93
5966,2.87
5967,2.83
5968,2.84
5969,2.78
5970,2.95
5971,2.98
5972,2.98
5973,3.00
5974,2.92
5975,2.98
5976,3.00
5977,3.00
5978,2.97
5979,2.91
5980,2.91
5981,2.90
5982,2.96
5983,2.89
5984,2.93
5985,2.91
5986,2.90
5987,2.97
5988,2.91
5989,3.00
5990,2.97
5991,2.99
5992,2.97
5993,2.93
5994,2.92
5995,2.92
5996,2.92
5997,2.94
5998,2.87
5999,2.87
6000,2.84
6001,2.77
6002,2.90
6003,2.95
6004,2.85
6005,2.78
6006,2.85
6007,2.87
6008,2.92
6009,2.91
6010,2.96
6011,2.98
6012,2.94
6013,2.89
6014,2.83
6015,2.83
6016,2.95
6017,2.94
6018,2.85
6019,2.91
6020,2.97
6021,2.94
6022,2.85
6023,2.89
6024,2.93
6025,2.90
6026,2.94
6027,2.92
6028,2.98
6029,2.88
6030,2.99
6031,2.95
6032,2.99
6033,2.94
6034,2.96
6035,2.97
6036,2.95
6037,2.92
6038,2.90
6039,2.96
6040,2.92
6041,3.00
6042,3.00
6043,3.00
6044,2.96
6045,2.98
6046,2.99
6047,2.98
6048,2.99
6049,2.95
6050,2.96
6051,3.00
6052,2.98
6053,2.93
6054,2.99
6055,2.97
6056,2.98
6057,3.00
6058,2.95
6059,3.00
6060,2.97
6061,3.00
6062,2.97
6063,2.95
6064,2.90
6065,2.95
6066,2.90
6067,2.97
6068,2.95
6069,2.86
6070,2.84
6071,2.73
6072,2.80
6073,2.93
6074,2.90
6075,2.94
6076,3.00
6077,2.92
6078,2.94
6079,2.83
6080,2.76
6081,2.73
6082,2.81
6083,2.83
6084,2.81
6085,2.74
6086,2.89
6087,2.87
6088,2.92
6089,2.94
6090,2.94
6091,2.97
6092,2.91
6093,2.92
6094,3.00
6095,2.97
6096,2.99
6097,3.00
6098,2.97
6099,3.00
6100,3.00
6101,2.99
6102,2.96
6103,2.98
6104,3.00
6105,2.98
6106,2.99
6107,3.00
6108,2.97
6109,2.88
6110,2.97
6111,2.96
6112,2.93
6113,2.94
6114,2.95
6115,2.88
6116,2.88
6117,2.94
6118,2.98
6119,2.98
6120,2.96
6121,2.94
6122,2.91
6123,2.89
6124,2.91
6125,2.88
6126,2.95
6127,2.91
6128,3.00
6129,2.96
6130,2.95
6131,2.88
6132,2.98
6133,2.91
6134,2.98
6135,2.99
6136,2.94
6137,2.97
6138,2.95
6139,2.96
6140,2.89
6141,2.91
6142,2.78
6143,2.86
6144,2.90
6145,2.98
6146,3.00
6147,2.97
6148,2.96
6149,2.97
6150,2.92
6151,2.92
6152,2.88
6153,2.89
6154,2.96
6155,2.86
6156,2.91
6157,2.95
6158,2.98
6159,2.96
6160,2.95
6161,2.95
6162,2.93
6163,2.97
6164,2.95
6165,2.99
6166,3.00
6167,3.00
6168,2.96
6169,2.94
6170,2.99
6171,2.98
6172,2.96
6173,2.98
6174,2.93
6175,2.85
6176,2.80
6177,2.86
6178,2.91
6179,2.85
6180,2.86
6181,2.90
6182,2.92
6183,2.97
6184,2.98
6185,2.89
6186,2.98
6187,2.98
6188,2.97
6189,2.85
6190,2.94
6191,2.94
6192,2.80
6193,2.83
6194,2.77
6195,2.91
6196,2.93
6197,2.86
6198,2.85
6199,2.86
6200,2.82
6201,2.85
6202,2.86
6203,2.86
6204,2.72
6205,2.72
6206,2.71
6207,2.82
6208,2.90
6209,2.93
6210,2.94
6211,2.94
6212,2.91
6213,2.85
6214,2.90
6215,2.92
6216,2.87
6217,2.83
6218,2.88
6219,2.93
6220,2.92
6221,2.90
6222,2.92
6223,2.97
6224,2.92
6225,2.97
6226,2.96
6227,2.95
6228,2.98
6229,2.99
6230,2.96
6231,2.97
6232,2.99
6233,2.98
6234,2.97
6235,2.97
6236,2.94
6237,2.94
6238,2.97
6239,2.98
6240,2.95
6241,2.95
6242,2.99
6243,2.99
6244,2.98
6245,3.00
6246,3.00
6247,2.99
6248,3.00
6249,2.98
6250,2.98
6251,3.00
6252,2.98
6253,2.97
6254,3.00
6255,3.00
6256,2.97
6257,2.98
6258,2.97
6259,2.96
6260,3.00
6261,2.98
6262,2.96
6263,2.93
6264,2.89
6265,2.95
6266,2.95
6267,2.89
6268,2.94
6269,2.94
6270,2.91
6271,2.93
6272,2.85
6273,2.94
6274,2.94
6275,2.96
6276,2.99
6277,3.00
6278,2.99
6279,3.00
6280,3.00
6281,2.99
6282,2.99
6283,3.00
6284,3.00
6285,2.99
6286,2.99
6287,2.99
6288,2.98
6289,2.99
6290,2.96
6291,2.94
6292,3.00
6293,3.00
6294,2.99
6295,3.00
6296,2.96
6297,2.95
6298,2.97
6299,2.96
6300,2.94
6301,2.97
6302,2.95
6303,2.96
6304,2.99
6305,2.93
6306,2.86
6307,2.95
6308,2.95
6309,2.97
6310,2.98
6311,2.96
6312,2.93
6313,2.92
6314,2.93
6315,2.95
6316,2.89
6317,2.91
6318,2.91
6319,2.92
6320,3.00
6321,2.99
6322,2.98
6323,2.98
6324,2.97
6325,2.95
6326,2.92
6327,2.89
6328,2.93
6329,2.90
6330,2.91
6331,2.89
6332,2.93
6333,2.96
6334,2.94
6335,2.97
6336,2.99
6337,3.00
6338,3.00
6339,2.98
6340,2.96
6341,2.97
6342,2.99
6343,2.93
6344,2.95
6345,2.86
6346,2.95
6347,2.95
6348,2.93
6349,2.97
6350,2.91
6351,2.91
6352,2.93
6353,2.92
6354,2.94
6355,2.93
6356,2.92
6357,2.95
6358,2.94
6359,2.95
6360,2.96
6361,2.99
6362,2.94
6363,2.95
6364,2.92
6365,2.99
6366,2.98
6367,3.00
6368,2.99
6369,2.95
6370,2.97
6371,2.97
6372,2.93
6373,2.93
6374,2.96
6375,2.98
6376,2.99
6377,2.98
6378,2.98
6379,2.98
6380,2.96
6381,2.92
6382,2.92
6383,2.86
6384,2.93
6385,2.94
6386,2.92
6387,2.83
6388,2.84
6389,2.83
6390,2.91
6391,2.83
6392,2.85
6393,2.82
6394,2.91
6395,2.98
6396,2.99
6397,2.95
6398,2.96
6399,2.98
6400,3.00
6401,3.00
6402,3.00
6403,3.00
6404,3.00
6405,2.98
6406,2.99
6407,3.00
6408,2.98
6409,2.97
6410,3.00
6411,2.99
6412,2.99
6413,3.00
6414,2.97
6415,3.00
6416,2.98
6417,2.99
6418,2.91
6419,2.94
6420,2.98
6421,2.95
6422,3.00
6423,3.00
6424,2.97
6425,3.00
6426,2.97
6427,2.93
6428,2.93
6429,2.85
6430,2.92
6431,2.91
6432,2.91
6433,2.95
6434,2.92
6435,2.87
6436,2.93
6437,2.97
6438,2.97
6439,2.98
6440,2.96
6441,2.97
6442,3.00
6443,2.98
6444,2.94
6445,2.92
6446,2.92
6447,2.98
6448,2.97
6449,2.97
6450,2.97
6451,2.99
6452,2.96
6453,2.98
6454,2.99
6455,2.92
6456,2.94
6457,2.98
6458,2.97
6459,2.99
6460,2.98
6461,2.94
6462,2.96
6463,2.86
6464,2.96
6465,2.97
6466,2.94
6467,2.98
6468,2.96
6469,2.98
6470,2.93
6471,2.96
6472,2.99
6473,2.99
6474,2.98
6475,2.96
6476,3.00
6477,2.99
6478,2.99
6479,2.97
6480,2.96
6481,2.90
6482,2.95
6483,2.94
6484,2.94
6485,2.99
6486,3.00
6487,2.98
6488,3.00
6489,2.97
6490,2.97
6491,2.99
6492,2.96
6493,2.96
6494,2.95
6495,2.96
6496,3.00
6497,2.98
6498,2.97
6499,2.98
6500,2.99
6501,2.99
6502,3.00
6503,3.00
6504,3.00
6505,3.00
6506,2.99
6507,2.95
6508,2.99
6509,2.97
6510,2.96
6511,2.95
6512,2.94
6513,2.98
6514,2.94
6515,2.95
6516,2.93
6517,2.98
6518,2.96
6519,2.96
6520,2.99
6521,3.00
6522,2.99
6523,2.93
6524,2.93
6525,2.98
6526,3.00
6527,2.98
6528,2.97
6529,2.94
6530,2.95
6531,2.95
6532,2.95
6533,2.94
6534,3.00
6535,2.99
6536,3.00
6537,2.97
6538,2.91
6539,2.90
6540,2.92
6541,2.93
6542,2.98
6543,2.98
6544,3.00
6545,2.99
6546,2.98
6547,2.98
6548,2.99
6549,3.00
6550,2.98
6551,2.98
6552,2.97
6553,2.96
6554,2.96
6555,3.00
6556,3.00
6557,2.99
6558,3.00
6559,3.00
6560,3.00
6561,3.00
6562,2.99
6563,2.99
6564,2.97
6565,2.97
6566,3.00
6567,2.96
6568,2.98
6569,2.98
6570,3.00
6571,2.97
6572,2.98
6573,2.93
6574,2.94
6575,2.95
6576,2.93
6577,2.88
6578,2.85
6579,2.80
6580,2.75
6581,2.80
6582,2.86
6583,2.83
6584,2.92
6585,2.98
6586,2.96
6587,2.94
6588,2.98
6589,2.95
6590,2.96
6591,2.96
6592,2.97
6593,2.84
6594,2.89
6595,2.97
6596,2.88
6597,2.90
6598,2.93
6599,2.95
6600,2.97
6601,2.98
6602,2.96
6603,2.92
6604,2.91
6605,2.92
6606,2.80
6607,2.86
6608,2.89
6609,2.93
6610,2.88
6611,2.95
6612,2.95
6613,2.99
6614,2.97
6615,2.98
6616,3.00
6617,3.00
6618,3.00
6619,2.95
6620,2.96
6621,2.91
6622,2.89
6623,2.93
6624,2.87
6625,2.82
6626,2.94
6627,2.99
6628,2.97
6629,2.99
6630,3.00
6631,2.97
6632,2.89
6633,2.80
6634,2.76
6635,2.79
6636,2.89
6637,2.73
6638,2.66
6639,2.66
6640,2.62
6641,2.62
6642,2.83
6643,2.96
6644,2.97
6645,3.00
6646,3.00
6647,2.98
6648,2.98
6649,2.91
6650,2.92
6651,2.89
6652,2.68
6653,2.79
6654,2.87
6655,2.86
6656,3.00
6657,2.99
6658,2.99
6659,2.83
6660,2.76
6661,2.80
6662,2.84
6663,2.91
6664,2.97
6665,2.96
6666,2.93
6667,2.96
6668,2.93
6669,2.83
6670,2.93
6671,2.99
6672,2.98
6673,2.98
6674,2.97
6675,2.93
6676,2.89
6677,2.98
6678,3.00
6679,2.91
6680,2.85
6681,2.92
6682,2.86
6683,2.94
6684,2.90
6685,2.89
6686,2.85
6687,2.74
6688,2.71
6689,2.94
6690,3.00
6691,2.86
6692,2.81
6693,2.80
6694,2.86
6695,2.94
6696,2.97
6697,2.97
6698,2.94
6699,2.92
6700,2.91
6701,2.97
6702,2.97
6703,2.91
6704,2.81
6705,2.68
6706,2.85
6707,2.78
6708,2.81
6709,2.78
6710,2.87
6711,2.83
6712,2.93
6713,2.93
6714,2.74
6715,2.76
6716,2.83
6717,2.84
6718,2.87
6719,2.98
6720,2.98
6721,2.90
6722,2.83
6723,2.91
6724,2.87
6725,2.94
6726,2.95
6727,2.81
6728,2.95
6729,2.80
6730,2.89
6731,2.99
6732,2.93
6733,2.94
6734,2.98
6735,2.94
6736,3.00
6737,2.99
6738,2.97
6739,2.88
6740,2.95
6741,2.92
6742,2.86
6743,2.91
6744,2.92
6745,2.92
6746,2.90
6747,2.88
6748,2.90
6749,2.88
6750,2.92
6751,2.97
6752,2.97
6753,3.00
6754,3.00
6755,2.96
6756,3.00
6757,2.91
6758,2.84
6759,2.82
6760,2.88
6761,2.97
6762,2.96
6763,2.91
6764,2.84
6765,2.90
6766,2.94
6767,3.00
6768,2.92
6769,2.89
6770,2.94
6771,2.88
6772,2.96
6773,2.94
6774,2.96
6775,2.97
6776,3.00
6777,2.97
6778,2.98
6779,2.99
6780,3.00
6781,2.98
6782,2.97
6783,2.92
6784,2.87
6785,2.65
6786,2.77
6787,2.91
6788,2.95
6789,3.00
6790,2.97
6791,2.99
6792,2.98
6793,3.00
6794,3.00
6795,3.00
6796,3.00
6797,2.98
6798,2.90
6799,2.96
6800,2.97
6801,3.00
6802,2.96
6803,2.90
6804,2.98
6805,2.99
6806,2.96
6807,2.82
6808,2.97
6809,2.92
6810,2.87
6811,2.84
6812,2.86
6813,2.95
6814,2.76
6815,2.78
6816,2.76
6817,2.77
6818,2.83
6819,2.95
6820,2.91
6821,2.97
6822,2.96
6823,2.88
6824,2.95
6825,2.92
6826,2.96
6827,2.97
6828,3.00
6829,2.94
6830,2.84
6831,2.88
6832,2.89
6833,2.94
6834,2.87
6835,2.92
6836,2.97
6837,2.94
6838,2.87
6839,2.77
6840,2.77
6841,2.77
6842,2.83
6843,2.92
6844,2.95
6845,2.93
6846,2.94
6847,2.96
6848,2.98
6849,3.00
6850,3.00
6851,2.98
6852,2.97
6853,2.96
6854,2.95
6855,3.00
6856,3.00
6857,2.98
6858,2.97
6859,2.97
6860,2.97
6861,2.95
6862,2.99
6863,2.97
6864,2.90
6865,2.97
6866,2.97
6867,3.00
6868,3.00
6869,3.00
6870,2.99
6871,2.96
6872,2.97
6873,2.94
6874,3.00
6875,3.00
6876,3.00
6877,2.98
6878,2.99
6879,3.00
6880,2.98
6881,3.00
6882,2.98
6883,2.98
6884,2.96
6885,2.99
6886,3.00
6887,2.97
6888,3.00
6889,3.00
6890,2.99
6891,2.98
6892,3.00
6893,3.00
6894,2.97
6895,2.91
6896,2.94
6897,2.91
6898,2.90
6899,2.87
6900,2.85
6901,2.90
6902,2.98
6903,3.00
6904,2.97
6905,2.93
6906,2.93
6907,2.97
6908,2.94
6909,2.87
6910,2.93
6911,2.86
6912,2.82
6913,2.90
6914,2.86
6915,2.91
6916,2.98
6917,2.93
6918,2.96
6919,2.95
6920,2.86
6921,2.79
6922,2.87
6923,2.94
6924,3.00
6925,3.00
6926,3.00
6927,3.00
6928,2.98
6929,2.87
6930,2.89
6931,2.96
6932,2.98
6933,3.00
6934,2.99
6935,2.98
6936,2.99
6937,2.93
6938,2.96
6939,3.00
6940,2.98
6941,2.98
6942,2.98
6943,2.99
6944,2.96
6945,2.95
6946,2.89
6947,2.90
6948,2.80
6949,2.87
6950,2.92
6951,2.98
6952,2.94
6953,2.91
6954,2.97
6955,2.92
6956,2.96
6957,2.89
6958,2.97
6959,2.98
6960,2.91
6961,2.88
6962,2.78
6963,2.94
6964,2.99
6965,2.99
6966,3.00
6967,3.00
6968,2.99
6969,2.87
6970,2.96
6971,3.00
6972,3.00
6973,3.00
6974,2.98
6975,2.93
6976,2.97
6977,2.94
6978,2.89
6979,2.91
6980,2.95
6981,2.96
6982,3.00
6983,3.00
6984,2.93
6985,2.81
6986,2.85
6987,2.89
6988,2.95
6989,2.93
6990,2.94
6991,2.96
6992,2.98
6993,3.00
6994,2.98
6995,2.93
6996,2.95
6997,2.98
6998,2.85
6999,2.89
7000,3.00
7001,2.98
7002,2.96
7003,2.99
7004,2.96
7005,2.92
7006,2.99
7007,2.95
7008,2.90
7009,2.90
7010,2.96
7011,2.91
7012,2.96
7013,3.00
7014,2.99
7015,2.98
7016,2.96
7017,2.95
7018,2.96
7019,2.94
7020,2.96
7021,2.98
7022,3.00
7023,2.98
7024,2.97
7025,3.00
7026,3.00
7027,3.00
7028,3.00
7029,2.94
7030,2.91
7031,3.00
7032,3.00
7033,2.96
7034,2.97
7035,2.95
7036,2.99
7037,2.93
7038,2.99
7039,2.95
7040,2.96
7041,2.96
7042,2.91
7043,2.93
7044,2.95
7045,2.99
7046,2.95
7047,2.99
7048,2.95
7049,2.90
7050,2.89
7051,2.92
7052,2.92
7053,2.95
7054,2.84
7055,2.90
7056,2.93
7057,2.90
7058,2.88
7059,2.76
7060,2.74
7061,2.86
7062,2.88
7063,2.87
7064,2.93
7065,2.90
7066,2.96
7067,3.00
7068,3.00
7069,2.92
7070,2.74
7071,2.59
7072,2.66
7073,2.65
7074,2.67
7075,2.89
7076,2.94
7077,2.73
7078,2.92
7079,2.92
7080,2.82
7081,2.84
7082,2.89
7083,2.90
7084,2.88
7085,2.90
7086,2.89
7087,2.96
7088,2.98
7089,2.99
7090,2.80
7091,2.90
7092,2.80
7093,2.76
7094,2.78
7095,2.64
7096,2.80
7097,2.60
7098,2.78
7099,2.85
7100,2.94
7101,2.92
7102,2.81
7103,2.92
7104,2.98
7105,2.99
7106,2.95
7107,2.96
7108,2.98
7109,2.90
7110,2.98
7111,3.00
7112,3.00
7113,3.00
7114,2.95
7115,2.97
7116,2.85
7117,2.97
7118,3.00
7119,2.99
7120,2.95
7121,2.90
7122,2.85
7123,2.65
7124,2.56
7125,2.58
7126,2.47
7127,2.43
7128,2.27
7129,2.40
7130,2.26
7131,2.59
7132,2.45
7133,2.40
7134,2.47
7135,2.57
7136,2.61
7137,2.71
7138,2.90
7139,2.93
7140,2.75
7141,2.82
7142,2.67
7143,2.70
7144,2.86
7145,2.67
7146,2.70
7147,2.86
7148,2.71
7149,2.66
7150,2.92
7151,2.96
7152,2.91
7153,2.92
7154,2.91
7155,2.89
7156,2.85
7157,2.90
7158,2.88
7159,2.86
7160,2.97
7161,2.98
7162,2.89
7163,2.94
7164,2.89
7165,2.90
7166,3.00
7167,3.00
7168,2.86
7169,2.89
7170,2.90
7171,2.89
7172,2.90
7173,2.95
7174,2.94
7175,2.95
7176,2.94
7177,3.00
7178,3.00
7179,2.95
7180,2.98
7181,2.97
7182,2.85
7183,2.98
7184,2.98
7185,2.93
7186,2.84
7187,2.84
7188,2.91
7189,2.92
7190,2.97
7191,2.94
7192,2.85
7193,2.90
7194,2.89
7195,2.71
7196,2.82
7197,2.83
7198,2.72
7199,2.72
7200,2.69
7201,2.82
7202,2.71
7203,2.92
7204,2.95
7205,2.96
7206,2.89
7207,2.94
7208,2.98
7209,2.94
7210,2.97
7211,2.96
7212,2.97
7213,2.97
7214,2.96
7215,2.96
7216,2.95
7217,2.89
7218,2.90
7219,2.88
7220,2.94
7221,2.89
7222,2.82
7223,2.92
7224,3.00
7225,2.99
7226,2.98
7227,2.99
7228,2.97
7229,2.98
7230,2.99
7231,3.00
7232,2.98
7233,2.97
7234,2.94
7235,3.00
7236,2.99
7237,2.92
7238,2.93
7239,2.91
7240,2.97
7241,3.00
7242,3.00
7243,2.95
7244,2.96
7245,2.87
7246,2.90
7247,2.85
7248,2.92
7249,2.97
7250,2.94
7251,2.92
7252,2.91
7253,2.98
7254,2.97
7255,2.96
7256,2.89
7257,2.91
7258,2.98
7259,2.98
7260,2.96
7261,2.99
7262,2.97
7263,2.95
7264,2.90
7265,2.90
7266,2.91
7267,2.96
7268,3.00
7269,3.00
7270,2.97
7271,2.96
7272,2.94
7273,2.93
7274,2.91
7275,2.94
7276,2.95
7277,2.92
7278,2.96
7279,3.00
7280,3.00
7281,2.96
7282,3.00
7283,2.98
7284,2.92
7285,2.86
7286,2.87
7287,2.91
7288,2.98
7289,3.00
7290,2.99
7291,2.98
7292,3.00
7293,3.00
7294,3.00
7295,2.99
7296,2.97
7297,2.97
7298,2.98
7299,2.96
7300,2.94
7301,2.93
7302,2.91
7303,2.84
7304,2.94
7305,2.94
7306,2.90
7307,2.96
7308,2.96
7309,2.97
7310,2.98
7311,2.98
7312,2.96
7313,2.95
7314,2.92
7315,2.98
7316,2.97
7317,2.98
7318,2.98
7319,2.97
7320,3.00
7321,3.00
7322,2.95
7323,2.95
7324,2.95
7325,2.89
7326,2.95
7327,2.97
7328,2.98
7329,3.00
7330,3.00
7331,2.94
7332,2.94
7333,2.95
7334,2.99
7335,2.99
7336,2.97
7337,2.96
7338,2.98
7339,2.93
7340,2.99
7341,2.93
7342,2.93
7343,2.93
7344,2.92
7345,2.91
7346,2.91
7347,2.84
7348,2.84
7349,2.82
7350,2.91
7351,2.91
7352,2.95
7353,2.91
7354,2.99
7355,3.00
7356,2.97
7357,3.00
7358,2.98
7359,2.93
7360,2.97
7361,3.00
7362,3.00
7363,2.97
7364,2.93
7365,2.85
7366,2.92
7367,3.00
7368,2.97
7369,2.92
7370,2.96
7371,2.95
7372,2.93
7373,2.86
7374,2.95
7375,2.98
7376,2.94
7377,2.96
7378,2.97
7379,2.99
7380,2.98
7381,2.93
7382,2.88
7383,2.85
7384,2.91
7385,2.86
7386,2.92
7387,3.00
7388,3.00
7389,2.99
7390,2.98
7391,3.00
7392,3.00
7393,3.00
7394,2.94
7395,3.00
7396,3.00
7397,2.96
7398,2.92
7399,2.94
7400,2.83
7401,2.88
7402,2.91
7403,2.88
7404,2.81
7405,2.79
7406,2.88
7407,2.90
7408,2.93
7409,2.93
7410,2.97
7411,2.90
7412,2.96
7413,2.95
7414,2.96
7415,2.97
7416,2.99
7417,2.98
7418,2.96
7419,2.93
7420,2.91
7421,2.99
7422,2.96
7423,2.89
7424,2.89
7425,2.98
7426,2.95
7427,2.99
7428,2.99
7429,2.97
7430,2.96
7431,2.81
7432,2.93
7433,2.90
7434,2.85
7435,2.92
7436,2.92
7437,2.98
7438,2.98
7439,2.97
7440,2.96
7441,2.94
7442,2.91
7443,2.88
7444,2.89
7445,2.88
7446,2.90
7447,2.87
7448,2.91
7449,2.93
7450,2.89
7451,2.93
7452,2.91
7453,2.92
7454,2.97
7455,2.92
7456,2.99
7457,2.99
7458,3.00
7459,2.96
7460,2.95
7461,2.84
7462,2.87
7463,2.88
7464,2.89
7465,2.85
7466,2.91
7467,2.94
7468,2.98
7469,2.94
7470,2.98
7471,2.97
7472,2.97
7473,2.96
7474,2.95
7475,2.99
7476,2.97
7477,2.98
7478,2.99
7479,2.99
7480,2.91
7481,2.94
7482,2.87
7483,2.92
7484,2.89
7485,2.82
7486,2.80
7487,2.71
7488,2.81
7489,2.81
7490,2.88
7491,2.90
7492,2.88
7493,2.89
7494,2.84
7495,2.93
7496,2.95
7497,2.96
7498,3.00
7499,3.00
7500,2.98
7501,2.96
7502,2.97
7503,2.97
7504,2.95
7505,2.93
7506,2.92
7507,2.79
7508,2.76
7509,2.76
7510,2.78
7511,2.87
7512,2.92
7513,2.96
7514,2.95
7515,2.80
7516,2.80
7517,2.85
7518,2.86
7519,2.85
7520,2.94
7521,3.00
7522,3.00
7523,2.97
7524,3.00
7525,2.96
7526,2.94
7527,2.99
7528,3.00
7529,3.00
7530,3.00
7531,2.99
7532,2.99
7533,2.94
7534,2.90
7535,2.92
7536,2.96
7537,2.94
7538,2.99
7539,2.98
7540,2.98
7541,2.95
7542,2.95
7543,3.00
7544,2.98
7545,2.97
7546,3.00
7547,2.97
7548,2.97
7549,2.96
7550,2.97
7551,2.96
7552,2.90
7553,2.94
7554,2.99
7555,3.00
7556,2.99
7557,2.96
7558,2.97
7559,2.94
7560,2.91
7561,2.76
7562,2.75
7563,2.78
7564,2.81
7565,2.88
7566,2.94
7567,2.90
7568,2.79
7569,2.89
7570,2.85
7571,2.93
7572,3.00
7573,3.00
7574,2.98
7575,2.99
7576,2.94
7577,2.97
7578,2.98
7579,2.97
7580,2.96
7581,2.97
7582,2.94
7583,3.00
7584,2.96
7585,2.94
7586,2.93
7587,2.91
7588,2.94
7589,2.93
7590,2.94
7591,2.97
7592,2.93
7593,2.95
7594,2.94
7595,2.96
7596,3.00
7597,2.98
7598,2.97
7599,2.98
7600,3.00
7601,2.98
7602,2.98
7603,3.00
7604,2.95
7605,2.95
7606,2.94
7607,3.00
7608,2.93
7609,2.99
7610,3.00
7611,2.95
7612,3.00
7613,2.95
7614,2.97
7615,2.96
7616,2.98
7617,2.96
7618,2.87
7619,2.90
7620,2.92
7621,2.92
7622,2.91
7623,2.92
7624,2.97
7625,3.00
7626,2.97
7627,2.98
7628,2.98
7629,2.92
7630,2.96
7631,2.99
7632,3.00
7633,3.00
7634,2.94
7635,2.93
7636,2.95
7637,2.89
7638,2.95
7639,2.96
7640,2.98
7641,3.00
7642,2.98
7643,2.99
7644,2.96
7645,2.97
7646,2.98
7647,2.96
7648,2.92
7649,2.98
7650,2.96
7651,2.99
7652,3.00
7653,3.00
7654,3.00
7655,2.97
7656,2.95
7657,3.00
7658,2.98
7659,2.94
7660,2.84
7661,2.92
7662,2.86
7663,2.72
7664,2.78
7665,2.88
7666,3.00
7667,2.98
7668,2.98
7669,2.97
7670,2.98
7671,3.00
7672,2.97
7673,2.92
7674,2.95
7675,2.91
7676,2.95
7677,2.96
7678,2.96
7679,2.92
7680,2.85
7681,2.89
7682,2.89
7683,2.93
7684,2.92
7685,2.83
7686,2.90
7687,2.91
7688,2.94
7689,2.94
7690,2.94
7691,2.94
7692,2.95
7693,2.95
7694,2.95
7695,2.96
7696,2.97
7697,2.96
7698,2.98
7699,2.97
7700,3.00
7701,3.00
7702,2.98
7703,2.99
7704,2.99
7705,2.98
7706,2.99
7707,2.99
7708,3.00
7709,3.00
7710,2.98
7711,2.99
7712,3.00
7713,3.00
7714,2.99
7715,2.96
7716,2.98
7717,2.99
7718,2.99
7719,2.97
7720,2.95
7721,2.97
7722,2.99
7723,2.95
7724,2.96
7725,2.98
7726,2.98
7727,2.99
7728,2.98
7729,2.95
7730,2.94
7731,2.93
7732,2.87
7733,2.83
7734,2.82
7735,2.81
7736,2.76
7737,2.85
7738,2.85
7739,2.87
7740,2.80
7741,2.82
7742,2.82
7743,2.82
7744,2.88
7745,2.84
7746,2.79
7747,2.82
7748,2.77
7749,2.77
7750,2.76
7751,2.76
7752,2.83
7753,2.82
7754,2.75
7755,2.74
7756,2.79
7757,2.70
7758,2.76
7759,2.83
7760,2.84
7761,2.82
7762,2.71
7763,2.63
7764,2.70
7765,2.73
7766,2.77
7767,2.86
7768,2.93
7769,2.92
7770,2.96
7771,2.96
7772,2.98
7773,2.99
7774,2.98
7775,3.00
7776,3.00
7777,3.00
7778,2.98
7779,2.91
7780,2.91
7781,2.98
7782,2.98
7783,2.94
7784,2.95
7785,3.00
7786,3.00
7787,2.99
7788,2.97
7789,2.98
7790,3.00
7791,3.00
7792,2.98
7793,2.97
7794,2.99
7795,2.97
7796,2.94
7797,2.95
7798,2.91
7799,2.87
7800,2.98
7801,2.98
7802,3.00
7803,3.00
7804,2.99
7805,2.99
7806,2.92
7807,2.92
7808,2.97
7809,2.99
7810,2.96
7811,2.92
7812,2.92
7813,2.94
7814,2.91
7815,2.98
7816,2.97
7817,2.98
7818,2.99
7819,2.99
7820,2.97
7821,2.96
7822,2.95
7823,3.00
7824,2.98
7825,2.97
7826,2.96
7827,2.99
7828,2.99
7829,2.99
7830,3.00
7831,2.98
7832,2.98
7833,3.00
7834,2.98
7835,2.95
7836,2.91
7837,2.91
7838,2.93
7839,2.95
7840,2.97
7841,2.97
7842,2.98
7843,2.98
7844,2.95
7845,2.91
7846,2.94
7847,2.95
7848,2.92
7849,2.91
7850,2.90
7851,2.93
7852,2.96
7853,2.94
7854,2.94
7855,2.97
7856,2.95
7857,2.95
7858,2.96
7859,2.93
7860,2.91
7861,2.90
7862,2.84
7863,2.85
7864,2.87
7865,2.92
7866,2.91
7867,2.89
7868,2.90
7869,2.90
7870,2.90
7871,2.85
7872,2.96
7873,2.98
7874,2.97
7875,2.98
7876,2.98
7877,2.98
7878,2.98
7879,2.98
7880,2.97
7881,2.96
7882,2.94
7883,2.94
7884,2.93
7885,2.96
7886,2.97
7887,2.92
7888,2.94
7889,2.98
7890,2.97
7891,2.98
7892,3.00
7893,3.00
7894,3.00
7895,2.97
7896,2.98
7897,2.98
7898,2.97
7899,2.98
7900,3.00
7901,2.98
7902,2.99
7903,2.96
7904,2.97
7905,2.94
7906,2.96
7907,2.96
7908,2.92
7909,2.94
7910,2.88
7911,2.86
7912,2.85
7913,2.93
7914,2.91
7915,2.98
7916,2.97
7917,2.98
7918,2.94
7919,2.91
7920,2.93
7921,2.95
7922,2.96
7923,2.94
7924,2.96
7925,2.91
7926,2.89
7927,2.93
7928,2.90
7929,2.90
7930,2.89
7931,2.90
7932,2.78
7933,2.88
7934,2.92
7935,2.94
7936,2.93
7937,2.87
7938,2.93
7939,2.90
7940,2.95
7941,2.96
7942,2.95
7943,2.92
7944,2.98
7945,3.00
7946,3.00
7947,3.00
7948,3.00
7949,3.00
7950,2.99
7951,3.00
7952,2.99
7953,2.98
7954,2.99
7955,2.99
7956,2.98
7957,2.95
7958,2.97
7959,2.97
7960,2.96
7961,3.00
7962,3.00
7963,2.99
7964,2.99
7965,3.00
7966,2.99
7967,3.00
7968,3.00
7969,2.99
7970,3.00
7971,2.99
7972,2.99
7973,3.00
7974,3.00
7975,3.00
7976,2.98
7977,2.97
7978,2.97
7979,2.95
7980,2.95
7981,2.92
7982,2.91
7983,2.91
7984,2.94
7985,2.97
7986,3.00
7987,3.00
7988,2.98
7989,2.97
7990,2.93
7991,2.97
7992,2.94
7993,2.94
7994,2.98
7995,2.97
7996,2.99
7997,3.00
7998,2.99
7999,2.99
8000,2.99
8001,2.99
8002,3.00
8003,3.00
8004,3.00
8005,2.99
8006,2.99
8007,3.00
8008,3.00
8009,2.98
8010,2.97
8011,2.97
8012,2.96
8013,2.93
8014,2.93
8015,2.97
8016,2.98
8017,2.98
8018,2.97
8019,2.98
8020,2.97
8021,2.99
8022,2.98
8023,2.94
8024,2.91
8025,2.87
8026,2.90
8027,2.89
8028,2.92
8029,2.94
8030,2.96
8031,2.98
8032,2.99
8033,2.96
8034,2.97
8035,2.95
8036,2.98
8037,3.00
8038,2.99
8039,3.00
8040,3.00
8041,2.99
8042,2.98
8043,3.00
8044,3.00
8045,3.00
8046,2.98
8047,3.00
8048,3.00
8049,2.98
8050,2.98
8051,2.95
8052,2.98
8053,2.97
8054,2.98
8055,2.99
8056,2.96
8057,2.96
8058,2.96
8059,2.96
8060,2.93
8061,2.91
8062,2.95
8063,2.95
8064,2.92
8065,2.95
8066,2.97
8067,2.97
8068,2.96
8069,2.98
8070,3.00
8071,3.00
8072,2.98
8073,2.98
8074,2.97
8075,2.97
8076,2.94
8077,2.93
8078,2.88
8079,2.88
8080,2.92
8081,2.90
8082,2.88
8083,2.85
8084,2.88
8085,2.90
8086,2.94
8087,2.95
8088,2.94
8089,2.97
8090,2.99
8091,2.95
8092,2.96
8093,2.97
8094,2.96
8095,2.95
8096,2.99
8097,3.00
8098,2.99
8099,3.00
8100,2.99
8101,2.98
8102,2.99
8103,2.99
8104,2.99
8105,2.96
8106,2.95
8107,2.97
8108,2.96
8109,2.93
8110,2.97
8111,2.96
8112,2.96
8113,2.94
8114,2.87
8115,2.91
8116,2.94
8117,2.90
8118,2.87
8119,2.86
8120,2.86
8121,2.88
8122,2.95
8123,2.97
8124,2.95
8125,2.90
8126,2.92
8127,2.94
8128,2.90
8129,2.96
8130,2.95
8131,2.97
8132,2.96
8133,2.96
8134,2.94
8135,2.91
8136,2.92
8137,2.86
8138,2.88
8139,2.89
8140,2.86
8141,2.84
8142,2.87
8143,2.89
8144,2.88
8145,2.77
8146,2.86
8147,2.84
8148,2.82
8149,2.87
8150,2.87
8151,2.82
8152,2.81
8153,2.81
8154,2.85
8155,2.84
8156,2.85
8157,2.84
8158,2.85
8159,2.82
8160,2.75
8161,2.80
8162,2.77
8163,2.75
8164,2.75
8165,2.83
8166,2.88
8167,2.91
8168,2.94
8169,2.96
8170,2.94
8171,2.92
8172,2.93
8173,2.92
8174,2.93
8175,2.95
8176,2.90
8177,2.87
8178,2.87
8179,2.90
8180,2.83
8181,2.88
8182,2.89
8183,2.80
8184,2.88
8185,2.85
8186,2.92
8187,2.96
8188,2.97
8189,2.98
8190,2.97
8191,2.97
8192,3.00
8193,3.00
8194,2.99
8195,2.95
8196,2.95
8197,2.95
8198,2.92
8199,2.95
8200,2.94
8201,2.92
8202,2.89
8203,2.87
8204,2.83
8205,2.83
8206,2.89
8207,2.97
8208,2.96
8209,2.96
8210,2.97
8211,2.99
8212,2.98
8213,3.00
8214,2.99
8215,3.00
8216,2.99
8217,3.00
8218,2.99
8219,2.97
8220,2.97
8221,2.94
8222,2.95
8223,2.93
8224,2.90
8225,2.87
8226,2.91
8227,2.92
8228,2.88
8229,2.86
8230,2.82
8231,2.83
8232,2.85
8233,2.84
8234,2.88
8235,2.85
8236,2.87
8237,2.94
8238,2.96
8239,2.99
8240,3.00
8241,3.00
8242,3.00
8243,2.98
8244,3.00
8245,2.98
8246,3.00
8247,3.00
8248,2.97
8249,2.93
8250,2.93
8251,2.93
8252,2.97
8253,2.93
8254,2.97
8255,2.97
8256,2.96
8257,2.95
8258,2.93
8259,2.91
8260,2.98
8261,2.97
8262,2.98
8263,2.96
8264,2.95
8265,2.90
8266,2.92
8267,2.94
8268,2.92
8269,2.91
8270,2.93
8271,2.95
8272,2.99
8273,2.98
8274,2.97
8275,3.00
8276,2.98
8277,2.95
8278,2.98
8279,2.96
8280,2.96
8281,2.97
8282,2.96
8283,2.94
8284,2.96
8285,2.94
8286,2.95
8287,3.00
8288,2.98
8289,2.99
8290,2.99
8291,2.97
8292,2.99
8293,2.99
8294,2.98
8295,3.00
8296,2.97
8297,3.00
8298,3.00
8299,3.00
8300,2.97
8301,2.93
8302,2.95
8303,2.98
8304,2.99
8305,2.98
8306,2.98
8307,3.00
8308,2.97
8309,2.93
8310,2.98
8311,3.00
8312,3.00
8313,3.00
8314,3.00
8315,2.99
8316,2.98
8317,2.90
8318,2.92
8319,2.94
8320,3.00
8321,3.00
8322,2.99
8323,2.96
8324,2.95
8325,2.96
8326,2.96
8327,2.94
8328,2.95
8329,2.99
8330,2.98
8331,2.99
8332,2.98
8333,3.00
8334,3.00
8335,2.98
8336,2.98
8337,3.00
8338,3.00
8339,3.00
8340,2.98
8341,2.97
8342,2.98
8343,2.98
8344,3.00
8345,3.00
8346,2.93
8347,2.91
8348,2.90
8349,2.95
8350,2.85
8351,2.86
8352,2.84
8353,2.90
8354,2.89
8355,2.92
8356,2.96
8357,2.97
8358,2.94
8359,2.94
8360,2.93
8361,2.94
8362,2.98
8363,2.97
8364,2.97
8365,3.00
8366,3.00
8367,2.98
8368,2.97
8369,2.98
8370,2.98
8371,2.98
8372,3.00
8373,2.96
8374,2.92
8375,2.93
8376,2.95
8377,2.93
8378,2.92
8379,2.94
8380,2.97
8381,2.96
8382,2.89
8383,2.97
8384,2.94
8385,2.93
8386,2.94
8387,2.95
8388,2.97
8389,2.98
8390,2.94
8391,2.93
8392,2.95
8393,2.94
8394,2.91
8395,2.94
8396,2.96
8397,2.92
8398,2.87
8399,2.87
8400,2.92
8401,2.90
8402,2.99
8403,2.99
8404,2.98
8405,2.98
8406,2.95
8407,2.97
8408,2.99
8409,2.97
8410,2.95
8411,2.97
8412,3.00
8413,2.99
8414,2.96
8415,2.96
8416,3.00
8417,2.99
8418,2.97
8419,2.97
8420,2.99
8421,3.00
8422,3.00
8423,3.00
8424,2.99
8425,2.99
8426,2.99
8427,2.98
8428,2.96
8429,2.90
8430,2.93
8431,2.90
8432,2.92
8433,2.86
8434,2.94
8435,2.94
8436,2.97
8437,3.00
8438,3.00
8439,3.00
8440,3.00
8441,3.00
8442,3.00
8443,2.99
8444,3.00
8445,3.00
8446,2.94
8447,2.96
8448,2.92
8449,2.91
8450,2.89
8451,2.87
8452,2.91
8453,2.98
8454,2.93
8455,2.87
8456,2.88
8457,2.89
8458,2.89
8459,2.93
8460,2.93
8461,2.99
8462,2.96
8463,2.98
8464,2.99
8465,3.00
8466,2.97
8467,2.95
8468,2.95
8469,2.99
8470,2.97
8471,2.95
8472,2.93
8473,2.95
8474,2.97
8475,2.96
8476,2.97
8477,2.98
8478,3.00
8479,2.99
8480,2.93
8481,2.91
8482,2.95
8483,2.95
8484,2.96
8485,2.97
8486,2.98
8487,3.00
8488,3.00
8489,2.98
8490,2.95
8491,2.95
8492,2.98
8493,2.89
8494,2.85
8495,2.86
8496,2.92
8497,2.89
8498,2.97
8499,2.98
8500,3.00
8501,3.00
8502,2.97
8503,2.98
8504,2.96
8505,2.98
8506,2.98
8507,2.99
8508,2.97
8509,2.95
8510,2.94
8511,2.96
8512,2.88
8513,2.95
8514,2.92
8515,2.93
8516,2.96
8517,2.96
8518,2.97
8519,2.99
8520,3.00
8521,3.00
8522,2.99
8523,2.96
8524,3.00
8525,2.98
8526,2.95
8527,2.97
8528,2.99
8529,2.99
8530,2.94
8531,2.95
8532,2.97
8533,2.97
8534,2.96
8535,2.96
8536,3.00
8537,2.99
8538,2.92
8539,2.95
8540,2.98
8541,2.98
8542,2.98
8543,2.97
8544,2.98
8545,3.00
8546,3.00
8547,2.98
8548,3.00
8549,2.98
8550,2.97
8551,2.96
8552,2.95
8553,2.95
8554,2.98
8555,2.96
8556,2.96
8557,2.98
8558,2.98
8559,2.97
8560,2.94
8561,2.98
8562,2.94
8563,2.88
8564,2.90
8565,2.89
8566,2.84
8567,2.91
8568,2.94
8569,2.99
8570,3.00
8571,2.99
8572,2.98
8573,2.99
8574,2.94
8575,2.96
8576,2.98
8577,2.98
8578,2.98
8579,2.98
8580,2.97
8581,2.99
8582,2.98
8583,3.00
8584,3.00
8585,2.97
8586,3.00
8587,3.00
8588,3.00
8589,2.99
8590,2.98
8591,2.98
8592,3.00
8593,2.98
8594,2.98
8595,2.92
8596,2.92
8597,2.96
8598,2.91
8599,2.92
8600,2.94
8601,2.96
8602,2.97
8603,2.96
8604,2.94
8605,2.93
8606,2.92
8607,2.96
8608,2.95
8609,2.92
8610,2.92
8611,2.97
8612,2.98
8613,2.96
8614,3.00
8615,2.98
8616,2.93
8617,2.92
8618,2.98
8619,3.00
8620,3.00
8621,3.00
8622,2.99
8623,2.98
8624,3.00
8625,2.96
8626,2.93
8627,2.94
8628,2.98
8629,2.98
8630,2.91
8631,2.85
8632,2.86
8633,2.93
8634,2.89
8635,2.88
8636,2.84
8637,2.91
8638,2.90
8639,2.93
8640,2.88
8641,2.83
8642,2.88
8643,2.98
8644,2.97
8645,2.97
8646,2.99
8647,2.94
8648,2.91
8649,2.96
8650,2.90
8651,2.88
8652,2.77
8653,2.86
8654,2.93
8655,2.98
8656,2.96
8657,2.94
8658,2.92
8659,2.96
8660,2.96
8661,2.92
8662,2.90
8663,2.93
8664,2.87
8665,2.86
8666,2.90
8667,2.88
8668,2.89
8669,2.89
8670,2.93
8671,2.98
8672,2.94
8673,2.88
8674,2.87
8675,2.91
8676,2.97
8677,2.98
8678,2.97
8679,3.00
8680,3.00
8681,3.00
8682,2.96
8683,2.94
8684,2.88
8685,2.86
8686,2.93
8687,2.87
8688,2.88
8689,2.98
8690,2.99
8691,3.00
8692,3.00
8693,2.96
8694,2.97
8695,2.96
8696,2.96
8697,2.98
8698,2.98
8699,2.98
8700,2.96
8701,2.98
8702,2.97
8703,2.99
8704,2.98
8705,2.98
8706,2.99
8707,2.95
8708,2.96
8709,2.96
8710,2.94
8711,2.94
8712,2.95
8713,2.90
8714,2.96
8715,2.99
8716,2.99
8717,2.96
8718,2.95
8719,2.99
8720,2.94
8721,2.94
8722,2.89
8723,2.86
8724,2.92
8725,2.96
8726,2.99
8727,3.00
8728,2.99
8729,2.97
8730,2.97
8731,2.98
8732,2.93
8733,2.93
8734,2.94
8735,2.93
8736,2.97
8737,2.94
8738,2.97
8739,2.95
8740,3.00
8741,3.00
8742,3.00
8743,3.00
8744,2.99
8745,2.98
8746,3.00
8747,2.99
8748,2.98
8749,3.00
8750,2.99
8751,2.99
8752,2.98
8753,2.94
8754,2.99
8755,2.97
8756,2.97
8757,2.97
8758,2.95
8759,3.00
8760,2.98
8761,2.94
8762,2.93
8763,2.97
8764,2.98
8765,2.98
8766,2.87
8767,2.92
8768,2.94
8769,2.94
8770,2.94
8771,2.96
8772,2.96
8773,2.96
8774,2.97
8775,2.97
8776,2.95
8777,2.94
8778,2.97
8779,2.92
8780,2.93
8781,2.89
8782,2.90
8783,2.91
8784,2.98
8785,2.99
8786,3.00
8787,2.98
8788,2.98
8789,2.97
8790,2.94
8791,2.99
8792,2.97
8793,2.97
8794,2.92
8795,2.93
8796,2.98
8797,2.97
8798,2.97
8799,2.95
8800,2.95
8801,2.99
8802,2.97
8803,2.94
8804,2.92
8805,2.84
8806,2.85
8807,2.93
8808,2.78
8809,2.91
8810,2.95
8811,2.95
8812,2.95
8813,2.95
8814,2.96
8815,2.92
8816,2.91
8817,2.89
8818,2.88
8819,2.95
8820,2.93
8821,2.91
8822,2.90
8823,2.97
8824,3.00
8825,2.92
8826,2.95
8827,2.80
8828,2.92
8829,2.96
8830,3.00
8831,2.95
8832,2.96
8833,2.95
8834,2.93
8835,2.88
8836,2.94
8837,2.81
8838,2.85
8839,2.98
8840,2.98
8841,3.00
8842,2.97
8843,2.95
8844,2.93
8845,2.89
8846,2.94
8847,2.99
8848,2.98
8849,2.96
8850,2.97
8851,2.96
8852,2.90
8853,2.88
8854,2.93
8855,2.93
8856,2.98
8857,2.94
8858,2.95
8859,2.92
8860,2.89
8861,2.96
8862,2.96
8863,2.92
8864,2.94
8865,2.98
8866,3.00
8867,2.96
8868,2.99
8869,2.94
8870,2.95
8871,2.99
8872,2.98
8873,2.96
8874,2.97
8875,2.88
8876,2.91
8877,2.98
8878,2.97
8879,2.99
8880,3.00
8881,2.98
8882,2.97
8883,2.88
8884,2.93
8885,2.94
8886,2.92
8887,2.92
8888,2.87
8889,2.92
8890,2.98
8891,2.95
8892,2.92
8893,2.85
8894,2.79
8895,2.71
8896,2.81
8897,2.86
8898,2.95
8899,2.98
8900,3.00
8901,2.99
8902,3.00
8903,2.96
8904,2.95
8905,2.95
8906,2.94
8907,2.95
8908,2.95
8909,2.92
8910,2.95
8911,2.98
8912,3.00
8913,2.98
8914,3.00
8915,3.00
8916,3.00
8917,2.97
8918,2.97
8919,2.97
8920,2.92
8921,2.96
8922,2.96
8923,2.93
8924,2.92
8925,2.97
8926,2.90
8927,2.95
8928,3.00
8929,3.00
8930,2.99
8931,2.93
8932,2.92
8933,2.97
8934,2.97
8935,2.88
8936,2.88
8937,2.86
8938,2.92
8939,2.98
8940,2.97
8941,2.96
8942,2.87
8943,2.97
8944,2.98
8945,2.97
8946,2.97
8947,3.00
8948,2.96
8949,2.93
8950,2.99
8951,2.93
8952,2.92
8953,2.97
8954,2.98
8955,2.98
8956,2.95
8957,2.95
8958,2.90
8959,2.88
8960,2.85
8961,2.83
8962,2.80
8963,2.84
8964,2.88
8965,2.90
8966,2.96
8967,2.91
8968,2.96
8969,2.94
8970,2.98
8971,2.97
8972,2.98
8973,2.95
8974,2.97
8975,2.99
8976,2.98
8977,2.98
8978,2.97
8979,3.00
8980,3.00
8981,2.97
8982,2.99
8983,2.98
8984,2.95
8985,2.99
8986,3.00
8987,2.96
8988,2.97
8989,2.96
8990,3.00
8991,2.99
8992,2.99
8993,3.00
8994,3.00
8995,2.99
8996,2.95
8997,2.96
8998,2.99
8999,2.96
9000,2.97
9001,2.98
9002,2.93
9003,2.87
9004,2.94
9005,2.93
9006,2.96
9007,2.96
9008,2.96
9009,2.94
9010,2.94
9011,2.90
9012,2.94
9013,2.92
9014,2.91
9015,2.90
9016,2.95
9017,2.90
9018,2.93
9019,2.94
9020,2.97
9021,3.00
9022,2.97
9023,2.97
9024,2.97
9025,2.98
9026,2.98
9027,2.91
9028,2.96
9029,2.91
9030,2.89
9031,2.88
9032,2.85
9033,2.97
9034,3.00
9035,2.99
9036,2.99
9037,2.99
9038,2.95
9039,3.00
9040,2.98
9041,2.95
9042,2.92
9043,2.91
9044,2.91
9045,2.94
9046,2.92
9047,2.89
9048,2.92
9049,2.92
9050,2.89
9051,2.89
9052,2.92
9053,2.90
9054,2.91
9055,2.86
9056,2.87
9057,2.86
9058,2.95
9059,2.94
9060,2.96
9061,2.98
9062,3.00
9063,3.00
9064,2.96
9065,2.99
9066,2.98
9067,2.99
9068,2.96
9069,2.99
9070,2.98
9071,2.93
9072,2.99
9073,3.00
9074,2.99
9075,2.95
9076,2.97
9077,2.99
9078,2.99
9079,2.99
9080,2.98
9081,2.96
9082,2.93
9083,2.88
9084,2.94
9085,2.90
9086,2.94
9087,2.90
9088,2.82
9089,2.77
9090,2.80
9091,2.90
9092,2.91
9093,2.90
9094,2.97
9095,2.92
9096,2.97
9097,2.92
9098,2.93
9099,2.87
9100,2.83
9101,2.90
9102,2.94
9103,2.88
9104,2.94
9105,2.93
9106,2.91
9107,2.98
9108,2.99
9109,2.98
9110,2.99
9111,2.94
9112,2.95
9113,2.98
9114,3.00
9115,3.00
9116,2.99
9117,3.00
9118,2.97
9119,2.97
9120,2.97
9121,2.97
9122,2.96
9123,2.97
9124,2.97
9125,2.96
9126,2.99
9127,2.96
9128,2.94
9129,2.95
9130,2.95
9131,2.89
9132,2.91
9133,2.94
9134,2.94
9135,2.97
9136,2.94
9137,2.97
9138,3.00
9139,3.00
9140,2.96
9141,2.94
9142,3.00
9143,2.99
9144,2.94
9145,2.95
9146,2.93
9147,2.94
9148,2.95
9149,2.97
9150,2.96
9151,2.97
9152,2.95
9153,2.90
9154,2.94
9155,2.96
9156,3.00
9157,3.00
9158,3.00
9159,2.98
9160,2.98
9161,2.92
9162,2.92
9163,2.95
9164,2.93
9165,2.85
9166,2.85
9167,2.86
9168,2.89
9169,2.93
9170,2.93
9171,2.92
9172,2.89
9173,2.88
9174,2.82
9175,2.73
9176,2.80
9177,2.84
9178,2.84
9179,2.86
9180,2.93
9181,2.89
9182,2.95
9183,2.93
9184,2.94
9185,2.92
9186,2.94
9187,2.94
9188,2.98
9189,2.97
9190,2.97
9191,2.95
9192,2.94
9193,2.95
9194,2.97
9195,2.96
9196,2.98
9197,3.00
9198,2.98
9199,2.95
9200,2.97
9201,2.93
9202,2.90
9203,2.92
9204,2.97
9205,2.96
9206,2.99
9207,2.99
9208,2.98
9209,2.99
9210,2.98
9211,3.00
9212,3.00
9213,2.98
9214,2.99
9215,2.98
9216,2.99
9217,2.99
9218,2.96
9219,2.98
9220,2.99
9221,3.00
9222,3.00
9223,2.99
9224,3.00
9225,3.00
9226,3.00
9227,3.00
9228,3.00
9229,2.99
9230,2.98
9231,2.98
9232,2.90
9233,2.93
9234,2.92
9235,2.93
9236,2.90
9237,2.94
9238,2.94
9239,2.97
9240,2.93
9241,2.97
9242,2.97
9243,2.95
9244,2.95
9245,2.99
9246,2.99
9247,2.99
9248,2.98
9249,2.98
9250,2.99
9251,3.00
9252,3.00
9253,2.99
9254,2.99
9255,2.93
9256,2.98
9257,2.98
9258,2.96
9259,2.97
9260,3.00
9261,2.98
9262,2.98
9263,2.98
9264,2.97
9265,2.98
9266,2.96
9267,2.98
9268,2.94
9269,2.92
9270,2.93
9271,2.94
9272,2.95
9273,2.96
9274,2.94
9275,2.95
9276,3.00
9277,2.99
9278,2.99
9279,2.99
9280,2.97
9281,2.97
9282,2.99
9283,2.99
9284,2.98
9285,3.00
9286,2.99
9287,3.00
9288,2.98
9289,2.95
9290,2.98
9291,2.95
9292,2.97
9293,2.97
9294,2.98
9295,2.98
9296,2.94
9297,2.98
9298,2.99
9299,2.99
9300,2.99
9301,2.99
9302,2.99
9303,2.96
9304,2.98
9305,2.99
9306,2.97
9307,2.99
9308,2.99
9309,2.99
9310,2.97
9311,2.97
9312,2.96
9313,2.93
9314,2.93
9315,2.90
9316,2.91
9317,2.94
9318,2.90
9319,2.91
9320,2.91
9321,2.88
9322,2.88
9323,2.79
9324,2.85
9325,2.84
9326,2.81
9327,2.77
9328,2.79
9329,2.77
9330,2.80
9331,2.91
9332,2.88
9333,2.88
9334,2.90
9335,2.91
9336,2.89
9337,2.89
9338,2.93
9339,2.93
9340,2.94
9341,2.97
9342,2.95
9343,2.92
9344,2.88
9345,2.83
9346,2.82
9347,2.85
9348,2.86
9349,2.80
9350,2.86
9351,2.86
9352,2.85
9353,2.85
9354,2.83
9355,2.86
9356,2.82
9357,2.81
9358,2.91
9359,2.93
9360,2.96
9361,2.94
9362,2.95
9363,2.92
9364,2.93
9365,2.92
9366,2.94
9367,2.93
9368,2.95
9369,2.96
9370,2.96
9371,2.96
9372,2.98
9373,2.97
9374,2.99
9375,3.00
9376,2.99
9377,2.97
9378,2.92
9379,2.91
9380,2.90
9381,2.88
9382,2.89
9383,2.83
9384,2.84
9385,2.83
9386,2.79
9387,2.77
9388,2.84
9389,2.87
9390,2.86
9391,2.83
9392,2.88
9393,2.90
9394,2.91
9395,2.90
9396,2.88
9397,2.89
9398,2.87
9399,2.88
9400,2.89
9401,2.89
9402,2.85
9403,2.87
9404,2.89
9405,2.91
9406,2.94
9407,2.88
9408,2.89
9409,2.91
9410,2.86
9411,2.82
9412,2.71
9413,2.81
9414,2.80
9415,2.88
9416,2.90
9417,2.85
9418,2.89
9419,2.91
9420,2.91
9421,2.90
9422,2.82
9423,2.88
9424,2.86
9425,2.91
9426,2.96
9427,2.98
9428,2.97
9429,2.99
9430,2.99
9431,2.98
9432,2.96
9433,2.92
9434,2.96
9435,2.96
9436,2.95
9437,2.96
9438,2.99
9439,2.99
9440,2.99
9441,2.98
9442,2.98
9443,2.96
9444,2.96
9445,2.92
9446,2.92
9447,2.93
9448,2.99
9449,2.99
9450,2.99
9451,2.99
9452,2.98
9453,2.96
9454,2.95
9455,2.94
9456,2.97
9457,2.95
9458,2.97
9459,2.93
9460,2.90
9461,2.93
9462,2.94
9463,2.92
9464,2.95
9465,2.91
9466,2.95
9467,2.93
9468,2.96
9469,2.94
9470,2.92
9471,2.94
9472,2.91
9473,2.93
9474,2.91
9475,2.93
9476,2.91
9477,2.96
9478,2.98
9479,2.96
9480,2.97
9481,2.99
9482,3.00
9483,3.00
9484,2.99
9485,3.00
9486,3.00
9487,2.99
9488,2.96
9489,2.98
9490,2.93
9491,2.97
9492,2.93
9493,2.95
9494,2.96
9495,2.94
9496,2.95
9497,2.96
9498,2.97
9499,2.97
9500,2.99
9501,2.97
9502,2.96
9503,2.93
9504,2.91
9505,2.96
9506,2.91
9507,2.88
9508,2.87
9509,2.94
9510,2.94
9511,2.96
9512,2.92
9513,2.93
9514,2.95
9515,2.94
9516,2.91
9517,2.88
9518,2.89
9519,2.94
9520,2.94
9521,2.95
9522,2.97
9523,2.97
9524,2.98
9525,2.99
9526,2.98
9527,2.95
9528,2.93
9529,2.95
9530,2.94
9531,2.95
9532,3.00
9533,3.00
9534,2.98
9535,2.98
9536,2.97
9537,2.98
9538,2.97
9539,2.92
9540,2.91
9541,2.92
9542,2.96
9543,2.96
9544,2.95
9545,2.99
9546,2.99
9547,2.98
9548,2.97
9549,2.98
9550,2.95
9551,2.97
9552,2.98
9553,2.94
9554,2.97
9555,2.98
9556,2.99
9557,2.99
9558,2.99
9559,2.98
9560,2.99
9561,2.99
9562,3.00
9563,2.98
9564,2.95
9565,2.92
9566,2.93
9567,2.91
9568,2.93
9569,2.89
9570,2.88
9571,2.88
9572,2.86
9573,2.82
9574,2.83
9575,2.83
9576,2.78
9577,2.77
9578,2.81
9579,2.82
9580,2.87
9581,2.86
9582,2.90
9583,2.94
9584,2.97
9585,2.93
9586,2.89
9587,2.99
9588,2.98
9589,2.97
9590,2.96
9591,2.98
9592,2.98
9593,2.98
9594,2.99
9595,2.98
9596,2.99
9597,2.96
9598,2.97
9599,2.98
9600,2.98
9601,2.99
9602,2.96
9603,2.98
9604,2.98
9605,2.98
9606,2.97
9607,2.97
9608,2.99
9609,3.00
9610,2.99
9611,2.99
9612,2.98
9613,2.99
9614,2.97
9615,3.00
9616,3.00
9617,2.99
9618,2.99
9619,2.98
9620,2.96
9621,2.96
9622,2.93
9623,2.92
9624,2.89
9625,2.93
9626,2.91
9627,2.92
9628,2.94
9629,2.97
9630,2.99
9631,2.97
9632,2.98
9633,2.98
9634,2.98
9635,3.00
9636,2.99
9637,3.00
9638,3.00
9639,2.99
9640,2.99
9641,2.99
9642,2.98
9643,2.97
9644,2.96
9645,2.95
9646,2.93
9647,2.98
9648,2.99
9649,2.99
9650,2.99
9651,2.98
9652,2.99
9653,3.00
9654,2.98
9655,2.97
9656,2.99
9657,2.96
9658,2.96
9659,2.92
9660,2.90
9661,2.94
9662,2.98
9663,3.00
9664,3.00
9665,3.00
9666,3.00
9667,3.00
9668,2.99
9669,2.99
9670,2.99
9671,2.99
9672,2.98
9673,2.94
9674,2.96
9675,2.98
9676,2.97
9677,2.99
9678,2.99
9679,2.98
9680,2.99
9681,2.95
9682,2.98
9683,2.99
9684,3.00
9685,3.00
9686,2.99
9687,2.97
9688,2.98
9689,2.99
9690,2.97
9691,2.96
9692,2.95
9693,2.95
9694,2.94
9695,2.95
9696,2.94
9697,2.93
9698,2.91
9699,2.89
9700,2.89
9701,2.79
9702,2.87
9703,2.83
9704,2.82
9705,2.80
9706,2.80
9707,2.74
9708,2.77
9709,2.76
9710,2.77
9711,2.74
9712,2.79
9713,2.84
9714,2.87
9715,2.90
9716,2.92
9717,2.87
9718,2.84
9719,2.85
9720,2.91
9721,2.91
9722,2.91
9723,2.95
9724,2.95
9725,2.97
9726,2.96
9727,2.99
9728,2.98
9729,2.97
9730,2.93
9731,2.95
9732,2.93
9733,2.90
9734,2.90
9735,2.83
9736,2.85
9737,2.84
9738,2.89
9739,2.89
9740,2.90
9741,2.88
9742,2.90
9743,2.88
9744,2.87
9745,2.84
9746,2.82
9747,2.79
9748,2.81
9749,2.82
9750,2.83
9751,2.88
9752,2.94
9753,2.92
9754,2.94
9755,2.91
9756,2.94
9757,2.92
9758,2.91
9759,2.87
9760,2.88
9761,2.87
9762,2.89
9763,2.84
9764,2.88
9765,2.85
9766,2.85
9767,2.88
9768,2.91
9769,2.86
9770,2.89
9771,2.93
9772,2.95
9773,2.96
9774,2.97
9775,2.97
9776,2.98
9777,2.99
9778,2.99
9779,2.97
9780,3.00
9781,3.00
9782,3.00
9783,2.99
9784,2.99
9785,2.99
9786,3.00
9787,2.98
9788,2.96
9789,2.97
9790,2.94
9791,2.95
9792,2.97
9793,2.99
9794,2.99
9795,2.99
9796,3.00
9797,2.97
9798,2.98
9799,2.97
9800,2.97
9801,2.95
9802,2.98
9803,2.98
9804,2.98
9805,2.98
9806,2.99
9807,2.97
9808,2.96
9809,2.97
9810,2.98
9811,2.96
9812,2.96
9813,2.98
9814,2.95
9815,2.99
9816,2.97
9817,2.95
9818,2.98
9819,2.99
9820,2.99
9821,2.98
9822,2.99
9823,2.99
9824,2.99
9825,2.98
9826,2.99
9827,2.97
9828,2.97
9829,2.98
9830,2.98
9831,3.00
9832,3.00
9833,3.00
9834,2.99
9835,2.99
9836,3.00
9837,2.99
9838,2.98
9839,2.98
9840,2.99
9841,2.96
9842,2.97
9843,2.98
9844,2.99
9845,2.97
9846,2.94
9847,2.93
9848,2.93
9849,2.96
9850,2.94
9851,2.97
9852,2.97
9853,2.95
9854,2.96
9855,2.92
9856,2.93
9857,2.94
9858,2.93
9859,2.93
9860,2.96
9861,2.98
9862,2.96
9863,2.97
9864,2.97
9865,2.99
9866,2.98
9867,2.99
9868,2.98
9869,2.98
9870,2.98
9871,2.98
9872,2.97
9873,2.98
9874,2.99
9875,2.98
9876,3.00
9877,2.98
9878,3.00
9879,2.99
9880,2.97
9881,2.95
9882,2.97
9883,2.97
9884,2.97
9885,2.96
9886,2.97
9887,2.97
9888,2.96
9889,2.98
9890,2.98
9891,3.00
9892,3.00
9893,2.99
9894,2.99
9895,2.98
9896,2.98
9897,2.98
9898,2.93
9899,2.96
9900,2.94
9901,2.95
9902,2.92
9903,2.93
9904,2.91
9905,2.92
9906,2.93
9907,2.91
9908,2.94
9909,2.91
9910,2.92
9911,2.90
9912,2.90
9913,2.86
9914,2.90
9915,2.93
9916,2.87
9917,2.87
9918,2.86
9919,2.91
9920,2.93
9921,2.89
9922,2.88
9923,2.93
9924,2.94
9925,2.97
9926,2.96
9927,2.97
9928,2.99
9929,2.98
9930,2.99
9931,2.98
9932,2.97
9933,2.97
9934,2.97
9935,2.97
9936,2.97
9937,2.95
9938,2.94
9939,2.95
9940,2.95
9941,2.93
9942,2.93
9943,2.97
9944,2.97
9945,2.93
9946,2.93
9947,2.93
9948,2.95
9949,2.91
9950,2.95
9951,2.92
9952,2.92
9953,2.94
9954,2.93
9955,2.90
9956,2.93
9957,2.95
9958,2.91
9959,2.90
9960,2.88
9961,2.85
9962,2.90
9963,2.85
9964,2.85
9965,2.80
9966,2.83
9967,2.87
9968,2.87
9969,2.89
9970,2.86
9971,2.90
9972,2.89
9973,2.92
9974,2.95
9975,2.94
9976,2.97
9977,2.96
9978,2.96
9979,2.94
9980,2.92
9981,2.96
9982,2.96
9983,2.96
9984,2.95
9985,2.92
9986,2.88
9987,2.85
9988,2.86
9989,2.85
9990,2.86
9991,2.89
9992,2.85
9993,2.88
9994,2.88
9995,2.90
9996,2.89
9997,2.89
9998,2.85
9999,2.87
